DATE,TRANSACTION ID,DESCRIPTION,QUANTITY,SYMBOL,PRICE,COMMISSION,AMOUNT,REG FEE,SHORT-TERM RDM FEE,FUND REDEMPTION FEE, DEFERRED SALES CHARGE
02/01/2021,31957764957,CLIENT REQUESTED ELECTRONIC FUNDING RECEIPT (FUNDS NOW),,,,,5000.00,,,,
02/02/2021,31986331025,CASH ALTERNATIVES PURCHASE,,,,,-5000.00,,,,
02/02/2021,31986331075,CASH ALTERNATIVES PURCHASE (MMDA1),5000,MMDA1,,,0.00,,,,
02/04/2021,32096678187,Bought 1 AMZN @ 3294.8627,1,AMZN,3294.8627,0.00,-3294.86,,,,
02/05/2021,32116493338,CASH ALTERNATIVES REDEMPTION (MMDA1),1647.43,MMDA1,,,0.00,,,,
02/05/2021,32116493311,CASH ALTERNATIVES REDEMPTION,,,,,1647.43,,,,
02/08/2021,32175042332,CASH ALTERNATIVES REDEMPTION (MMDA1),1647.43,MMDA1,,,0.00,,,,
02/08/2021,32175042309,CASH ALTERNATIVES REDEMPTION,,,,,1647.43,,,,
02/08/2021,32107905657,CASH MOVEMENT OF INCOMING ACCOUNT TRANSFER,,,,,4857.03,,,,
02/08/2021,32107905658,CASH MOVEMENT OF INCOMING ACCOUNT TRANSFER,,,,,-75.00,,,,
02/08/2021,32107905518,TRANSFER OF SECURITY OR OPTION IN (PINS),4,PINS,,,0.00,,,,
02/08/2021,32107905528,TRANSFER OF SECURITY OR OPTION IN (SHOP),3,SHOP,,,0.00,,,,
02/08/2021,32107905538,TRANSFER OF SECURITY OR OPTION IN (MSFT),6,MSFT,,,0.00,,,,
02/08/2021,32107905550,TRANSFER OF SECURITY OR OPTION IN (PTON),30,PTON,,,0.00,,,,
02/08/2021,32107905562,TRANSFER OF SECURITY OR OPTION IN (ADSK),2,ADSK,,,0.00,,,,
02/08/2021,32107905572,TRANSFER OF SECURITY OR OPTION IN (ATVI),10,ATVI,,,0.00,,,,
02/08/2021,32107905584,TRANSFER OF SECURITY OR OPTION IN (ETSY),14,ETSY,,,0.00,,,,
02/08/2021,32107905594,TRANSFER OF SECURITY OR OPTION IN (GOOG),2,GOOG,,,0.00,,,,
02/08/2021,32107905606,TRANSFER OF SECURITY OR OPTION IN (FSLY),8,FSLY,,,0.00,,,,
02/08/2021,32107905616,TRANSFER OF SECURITY OR OPTION IN (AYX),10,AYX,,,0.00,,,,
02/08/2021,32107905626,TRANSFER OF SECURITY OR OPTION IN (TSLA),1,TSLA,,,0.00,,,,
02/08/2021,32107905632,TRANSFER OF SECURITY OR OPTION IN (CRSR),12,CRSR,,,0.00,,,,
02/08/2021,32107905646,TRANSFER OF SECURITY OR OPTION IN (AAPL),10,AAPL,,,0.00,,,,
02/08/2021,32194523854,Bought 6 MVIS @ 14.7478,6,MVIS,14.7478,0.00,-88.49,,,,
02/09/2021,32206255952,CASH ALTERNATIVES PURCHASE,,,,,-4782.03,,,,
02/09/2021,32206255970,CASH ALTERNATIVES PURCHASE (MMDA1),4782.03,MMDA1,,,0.00,,,,
02/10/2021,32249433559,CASH ALTERNATIVES REDEMPTION,,,,,88.49,,,,
02/10/2021,32249433592,CASH ALTERNATIVES REDEMPTION (MMDA1),88.49,MMDA1,,,0.00,,,,
02/10/2021,32278466213,Sold 1 KR Mar 26 2021 32.0 Put @ 0.92,1,KR Mar 26 2021 32.0 Put,0.92,0.65,91.34,0.01,,,
02/11/2021,32291337297,QUALIFIED DIVIDEND (AAPL),,AAPL,,,2.05,,,,
02/11/2021,32295309735,CASH ALTERNATIVES PURCHASE,,,,,-93.39,,,,
02/11/2021,32295309753,CASH ALTERNATIVES PURCHASE (MMDA1),93.39,MMDA1,,,0.00,,,,
02/11/2021,32546932630,CLIENT REQUESTED ELECTRONIC FUNDING RECEIPT (FUNDS NOW),,,,,7000.00,,,,
02/11/2021,32549163722,Sold 1 DKNG Mar 26 2021 54.0 Put @ 3.25,1,DKNG Mar 26 2021 54.0 Put,3.25,0.65,324.33,0.02,,,
02/12/2021,32559293599,CASH ALTERNATIVES PURCHASE (MMDA1),7324.33,MMDA1,,,0.00,,,,
02/12/2021,32559293585,CASH ALTERNATIVES PURCHASE,,,,,-7324.33,,,,
02/16/2021,32637075827,Sold 1 MVIS Aug 20 2021 12.0 Put @ 4,1,MVIS Aug 20 2021 12.0 Put,4.00,0.65,399.33,0.02,,,
02/17/2021,32654818003,CASH ALTERNATIVES PURCHASE (MMDA1),399.33,MMDA1,,,0.00,,,,
02/17/2021,32654817983,CASH ALTERNATIVES PURCHASE,,,,,-399.33,,,,
02/17/2021,32685885859,Sold 1 FSLY Mar 12 2021 80.0 Put @ 3.3,1,FSLY Mar 12 2021 80.0 Put,3.30,0.65,329.33,0.02,,,
02/17/2021,32686422182,Sold 1 AMZN @ 3316.7101,1,AMZN,3316.7101,0.00,3316.64,0.07,,,
02/17/2021,32688704848,Bought 1 FSLY Mar 12 2021 80.0 Put @ 3,1,FSLY Mar 12 2021 80.0 Put,3.00,0.65,-300.66,0.01,,,
02/17/2021,32689063852,Sold 1 FSLY Mar 12 2021 75.0 Put @ 1.8,1,FSLY Mar 12 2021 75.0 Put,1.80,0.65,179.34,0.01,,,
02/18/2021,32696204555,CASH ALTERNATIVES REDEMPTION,,,,,1425.57,,,,
02/18/2021,32696204558,CASH ALTERNATIVES REDEMPTION (MMDA1),1425.57,MMDA1,,,0.00,,,,
02/18/2021,32720873472,Sold 1 SPCE Mar 19 2021 34.0 Put @ 1.48,1,SPCE Mar 19 2021 34.0 Put,1.48,0.65,147.34,0.01,,,
02/19/2021,32739576262,CASH ALTERNATIVES REDEMPTION (MMDA1),3252.66,MMDA1,,,0.00,,,,
02/19/2021,32739576248,CASH ALTERNATIVES REDEMPTION,,,,,3252.66,,,,
02/19/2021,32761155771,Sold 1 FUBO Mar 12 2021 40.0 Put @ 4.68,1,FUBO Mar 12 2021 40.0 Put,4.68,0.65,467.33,0.02,,,
02/22/2021,32789069789,CASH ALTERNATIVES REDEMPTION (MMDA1),3532.67,MMDA1,,,0.00,,,,
02/22/2021,32789069784,CASH ALTERNATIVES REDEMPTION,,,,,3532.67,,,,
02/22/2021,32800173144,Bought 1 BMBL @ 70.295,1,BMBL,70.295,0.00,-70.30,,,,
02/22/2021,32801639524,Bought 1 DKNG Mar 26 2021 54.0 Put @ 1.84,1,DKNG Mar 26 2021 54.0 Put,1.84,0.65,-184.66,0.01,,,
02/22/2021,32802235402,Sold 1 CHWY Mar 5 2021 100.0 Put @ 1.83,1,CHWY Mar 5 2021 100.0 Put,1.83,0.65,182.34,0.01,,,
02/23/2021,32828382085,CASH ALTERNATIVES REDEMPTION,,,,,4637.47,,,,
02/23/2021,32828382418,CASH ALTERNATIVES REDEMPTION (MMDA1),4637.47,MMDA1,,,0.00,,,,
02/23/2021,32839052097,Bought 1 KR Mar 26 2021 32.0 Put @ 1.14,1,KR Mar 26 2021 32.0 Put,1.14,0.65,-114.66,0.01,,,
02/23/2021,32838268562,Sold 1 NIO Feb 26 2021 40.0 Put @ 0.76,1,NIO Feb 26 2021 40.0 Put,0.76,0.65,75.34,0.01,,,
02/23/2021,32841768873,Bought 1 NIO Feb 26 2021 40.0 Put @ 0.31,1,NIO Feb 26 2021 40.0 Put,0.31,0.65,-31.66,0.01,,,
02/23/2021,32848821227,Bought 1 CHWY Mar 5 2021 100.0 Put @ 1.32,1,CHWY Mar 5 2021 100.0 Put,1.32,0.65,-132.66,0.01,,,
02/24/2021,32857588239,CASH ALTERNATIVES PURCHASE (MMDA1),12996.36,MMDA1,,,0.00,,,,
02/24/2021,32857588211,CASH ALTERNATIVES PURCHASE,,,,,-12996.36,,,,
02/24/2021,32878075633,Sold 1 NIO Mar 5 2021 40.0 Put @ 1.46,1,NIO Mar 5 2021 40.0 Put,1.46,0.65,145.34,0.01,,,
02/24/2021,32879171416,Bought 1 NIO Mar 5 2021 40.0 Put @ 1.37,1,NIO Mar 5 2021 40.0 Put,1.37,0.65,-137.66,0.01,,,
02/24/2021,32886115086,Sold 1 PLUG Mar 5 2021 45.0 Put @ 2.36,1,PLUG Mar 5 2021 45.0 Put,2.36,0.65,235.34,0.01,,,
02/25/2021,32898613181,CASH ALTERNATIVES REDEMPTION (MMDA1),4256.98,MMDA1,,,0.00,,,,
02/25/2021,32898613166,CASH ALTERNATIVES REDEMPTION,,,,,4256.98,,,,
02/25/2021,32926659383,Sold 1 SCHW Feb 26 2021 64.0 Put @ 0.56,1,SCHW Feb 26 2021 64.0 Put,0.56,0.65,55.34,0.01,,,
02/26/2021,32941638302,CASH ALTERNATIVES REDEMPTION,,,,,6344.66,,,,
02/26/2021,32941638325,CASH ALTERNATIVES REDEMPTION (MMDA1),6344.66,MMDA1,,,0.00,,,,
02/26/2021,32964509948,Sold 6 MVIS @ 14.9801,6,MVIS,14.9801,0.00,89.88,,,,
02/26/2021,32965269716,Bought 1 SCHW Feb 26 2021 64.0 Put @ 2.44,1,SCHW Feb 26 2021 64.0 Put,2.44,0.65,-244.66,0.01,,,
02/26/2021,32965271300,Sold 1 SCHW Mar 5 2021 63.0 Put @ 2.26,1,SCHW Mar 5 2021 63.0 Put,2.26,0.65,225.34,0.01,,,
02/26/2021,32967961759,Bought 1 PLUG Mar 5 2021 45.0 Put @ 1.58,1,PLUG Mar 5 2021 45.0 Put,1.58,0.65,-158.66,0.01,,,
02/26/2021,32973635517,Sold 1 PINS Mar 5 2021 76.0 Put @ 1.25,1,PINS Mar 5 2021 76.0 Put,1.25,0.65,124.34,0.01,,,
02/26/2021,32986541090,CASH ALTERNATIVES INTEREST (MMDA1),0.06,MMDA1,,,0.00,,,,
02/26/2021,32993172436,FREE BALANCE INTEREST ADJUSTMENT,,,,,0.02,,,,
03/01/2021,33016215862,CASH ALTERNATIVES REDEMPTION (MMDA1),3008.68,MMDA1,,,0.00,,,,
03/01/2021,33016215853,CASH ALTERNATIVES REDEMPTION,,,,,3008.68,,,,
03/01/2021,33028986636,Bought 1 PINS Mar 5 2021 76.0 Put @ 0.55,1,PINS Mar 5 2021 76.0 Put,0.55,0.65,-55.66,0.01,,,
03/01/2021,33035104485,Sold 1 NIO Mar 5 2021 46.0 Put @ 1.31,1,NIO Mar 5 2021 46.0 Put,1.31,0.65,130.34,0.01,,,
03/01/2021,33039737951,Bought 1 BMBL @ 74.268,1,BMBL,74.268,0.00,-74.27,,,,
03/02/2021,33060448275,CASH ALTERNATIVES PURCHASE,,,,,-3037.55,,,,
03/02/2021,33060448289,CASH ALTERNATIVES PURCHASE (MMDA1),3037.55,MMDA1,,,0.00,,,,
03/02/2021,33070037329,Sold 1 FUBO Mar 12 2021 40.0 Put @ 3.5,1,FUBO Mar 12 2021 40.0 Put,3.50,0.65,349.34,0.01,,,
03/02/2021,33070281137,Bought 2 FUBO Mar 12 2021 40.0 Put @ 3.5,2,FUBO Mar 12 2021 40.0 Put,3.50,1.30,-701.33,0.03,,,
03/02/2021,33074749097,Sold 1 FUBO Mar 5 2021 36.0 Put @ 1.05,1,FUBO Mar 5 2021 36.0 Put,1.05,0.65,104.34,0.01,,,
03/03/2021,33086716893,CASH ALTERNATIVES PURCHASE (MMDA1),152.35,MMDA1,,,0.00,,,,
03/03/2021,33086716875,CASH ALTERNATIVES PURCHASE,,,,,-152.35,,,,
03/03/2021,33106556324,Bought 1 NIO Mar 5 2021 46.0 Put @ 3.18,1,NIO Mar 5 2021 46.0 Put,3.18,0.65,-318.66,0.01,,,
03/03/2021,33106556668,Sold 1 NIO Mar 12 2021 45.0 Put @ 3.3,1,NIO Mar 12 2021 45.0 Put,3.30,0.65,329.34,0.01,,,
03/03/2021,33110555358,Bought 1 BMBL @ 63.6299,1,BMBL,63.6299,0.00,-63.63,,,,
03/04/2021,33126551619,CASH ALTERNATIVES PURCHASE (MMDA1),78.87,MMDA1,,,0.00,,,,
03/04/2021,33126551325,CASH ALTERNATIVES PURCHASE,,,,,-78.87,,,,
03/04/2021,33147065725,Bought 6 PINS @ 71.76,6,PINS,71.76,0.00,-430.56,,,,
03/04/2021,33150848550,Bought 10 MVIS @ 13.23,10,MVIS,13.23,0.00,-132.30,,,,
03/04/2021,33156403189,Bought 10 CHPT @ 23.935,10,CHPT,23.935,0.00,-239.35,,,,
03/05/2021,33197316540,Bought 10 MVIS @ 10.5628,10,MVIS,10.5628,0.00,-105.63,,,,
03/05/2021,33205023897,Bought 1 SCHW Mar 5 2021 63.0 Put @ 0.04,1,SCHW Mar 5 2021 63.0 Put,0.04,0.00,-4.01,0.01,,,
03/08/2021,33229190324,CASH ALTERNATIVES PURCHASE (MMDA1),7642.07,MMDA1,,,0.00,,,,
03/08/2021,33227454343,Bought 100 FUBO @ 36,100,FUBO,36.00,,-3600.00,,,,
03/08/2021,33227628185,REMOVAL OF OPTION DUE TO ASSIGNMENT (0FUBO.O510036000),1,,,,0.00,,,,
03/08/2021,33229190310,CASH ALTERNATIVES PURCHASE,,,,,-7642.07,,,,
03/08/2021,33237188726,Sold 1 FUBO Mar 19 2021 38.0 Call @ 1.15,1,FUBO Mar 19 2021 38.0 Call,1.15,0.65,114.34,0.01,,,
03/08/2021,33239785772,Bought 1 FUBO Mar 19 2021 38.0 Call @ 0.89,1,FUBO Mar 19 2021 38.0 Call,0.89,0.65,-89.66,0.01,,,
03/08/2021,33242377347,Bought 1 BMBL @ 62.9899,1,BMBL,62.9899,0.00,-62.99,,,,
03/09/2021,33273736390,Sold 1 FUBO Mar 19 2021 35.0 Call @ 0.94,1,FUBO Mar 19 2021 35.0 Call,0.94,0.65,93.34,0.01,,,
03/09/2021,33274358813,Bought 1 TSLA @ 600.97,1,TSLA,600.97,0.00,-600.97,,,,
03/09/2021,33277883561,Bought 10 CHPT @ 27.69,10,CHPT,27.69,0.00,-276.90,,,,
03/09/2021,33279368903,Bought 10 PLTR @ 23.95,10,PLTR,23.95,0.00,-239.50,,,,
03/10/2021,33321364702,Bought 1 BMBL @ 62.08,1,BMBL,62.08,0.00,-62.08,,,,
03/10/2021,33321693448,Sold 1 PLUG Mar 19 2021 40.0 Put @ 1.67,1,PLUG Mar 19 2021 40.0 Put,1.67,0.65,166.34,0.01,,,
03/10/2021,33323532667,Bought 1 MVIS @ 14.32,1,MVIS,14.32,0.00,-14.32,,,,
03/10/2021,33322418324,Bought 9 MVIS @ 14.3478,9,MVIS,14.3478,0.00,-129.13,,,,
03/11/2021,33342210303,CASH ALTERNATIVES REDEMPTION,,,,,4408.59,,,,
03/11/2021,33342210327,CASH ALTERNATIVES REDEMPTION (MMDA1),4408.59,MMDA1,,,0.00,,,,
03/11/2021,33346285331,QUALIFIED DIVIDEND (MSFT),,MSFT,,,3.36,,,,
03/11/2021,33349363893,Bought 1 NIO Mar 12 2021 45.0 Put @ 2.14,1,NIO Mar 12 2021 45.0 Put,2.14,0.65,-214.66,0.01,,,
03/11/2021,33349548855,Bought 1 PLUG Mar 19 2021 40.0 Put @ 1.14,1,PLUG Mar 19 2021 40.0 Put,1.14,0.65,-114.66,0.01,,,
03/11/2021,33349888987,Sold 1 CHWY Mar 19 2021 80.0 Put @ 1.62,1,CHWY Mar 19 2021 80.0 Put,1.62,0.65,161.34,0.01,,,
03/11/2021,33355210599,Bought 5 CPNG @ 55.396,5,CPNG,55.396,0.00,-276.98,,,,
03/11/2021,33355707667,Bought 1 FSLY Mar 12 2021 75.0 Put @ 1.65,1,FSLY Mar 12 2021 75.0 Put,1.65,0.65,-165.66,0.01,,,
03/12/2021,33367794349,CASH ALTERNATIVES PURCHASE (MMDA1),4913.91,MMDA1,,,0.00,,,,
03/12/2021,33367794319,CASH ALTERNATIVES PURCHASE,,,,,-4913.91,,,,
03/12/2021,33388605521,Sold 1 PLUG Mar 19 2021 44.0 Put @ 1.7,1,PLUG Mar 19 2021 44.0 Put,1.70,0.65,169.34,0.01,,,
03/12/2021,33391636553,Bought 1 PLUG Mar 19 2021 44.0 Put @ 1.36,1,PLUG Mar 19 2021 44.0 Put,1.36,0.65,-136.66,0.01,,,
03/12/2021,33391952257,Sold 1 FSLY Apr 1 2021 70.0 Put @ 3.14,1,FSLY Apr 1 2021 70.0 Put,3.14,0.65,313.34,0.01,,,
03/12/2021,33393421704,Bought 4 TTWO @ 169.7099,4,TTWO,169.7099,0.00,-678.84,,,,
03/15/2021,33416869429,CASH ALTERNATIVES REDEMPTION (MMDA1),4376.08,MMDA1,,,0.00,,,,
03/15/2021,33416869414,CASH ALTERNATIVES REDEMPTION,,,,,4376.08,,,,
03/15/2021,33423942878,Bought 1 FUBO Mar 19 2021 35.0 Call @ 0.86,1,FUBO Mar 19 2021 35.0 Call,0.86,0.65,-86.66,0.01,,,
03/15/2021,33424597851,Sold 1 FUBO Mar 26 2021 38.0 Call @ 0.95,1,FUBO Mar 26 2021 38.0 Call,0.95,0.65,94.34,0.01,,,
03/15/2021,33425202143,Bought 2 AAPL @ 123.33,2,AAPL,123.33,0.00,-246.66,,,,
03/15/2021,33425910067,Bought 10 MVIS @ 18.02,10,MVIS,18.02,0.00,-180.20,,,,
03/15/2021,33426556693,Sold 1 PINS Mar 19 2021 69.0 Put @ 1.15,1,PINS Mar 19 2021 69.0 Put,1.15,0.65,114.34,0.01,,,
03/15/2021,33430137833,Bought 5 CPNG @ 50.03,5,CPNG,50.03,0.00,-250.15,,,,
03/15/2021,33430138703,Bought 10 CHPT @ 25.6399,10,CHPT,25.6399,0.00,-256.40,,,,
03/15/2021,33432723913,Bought 1 PINS Mar 19 2021 69.0 Put @ 0.85,1,PINS Mar 19 2021 69.0 Put,0.85,0.65,-85.66,0.01,,,
03/15/2021,33434764748,Bought 1 CHWY Mar 19 2021 80.0 Put @ 0.61,1,CHWY Mar 19 2021 80.0 Put,0.61,0.65,-61.66,0.01,,,
03/16/2021,33443399722,CASH ALTERNATIVES PURCHASE (MMDA1),3740.98,MMDA1,,,0.00,,,,
03/16/2021,33443399686,CASH ALTERNATIVES PURCHASE,,,,,-3740.98,,,,
03/16/2021,33464158581,Sold 1 PLUG Mar 26 2021 40.0 Put @ 1.19,1,PLUG Mar 26 2021 40.0 Put,1.19,0.65,118.34,0.01,,,
03/17/2021,33477404059,CASH ALTERNATIVES REDEMPTION (MMDA1),815.07,MMDA1,,,0.00,,,,
03/17/2021,33477404042,CASH ALTERNATIVES REDEMPTION,,,,,815.07,,,,
03/17/2021,33493016464,Bought 10 MVIS @ 16.2,10,MVIS,16.20,0.00,-162.00,,,,
03/17/2021,33495562760,Bought 1 FUBO Mar 26 2021 38.0 Call @ 0.39,1,FUBO Mar 26 2021 38.0 Call,0.39,0.65,-39.66,0.01,,,
03/17/2021,33496328315,Bought 10 PINS @ 71.9799,10,PINS,71.9799,0.00,-719.80,,,,
03/17/2021,33496328888,Bought 20 PINS @ 71.8828,20,PINS,71.8828,0.00,-1437.66,,,,
03/17/2021,33496339965,Bought 20 PINS @ 71.9399,20,PINS,71.9399,0.00,-1438.80,,,,
03/17/2021,33496353216,Bought 20 PINS @ 71.989,20,PINS,71.989,0.00,-1439.78,,,,
03/17/2021,33496371142,Bought 20 PINS @ 71.9196,20,PINS,71.9196,0.00,-1438.39,,,,
03/17/2021,33496392942,Sold 1 PINS Mar 19 2021 72.0 Call @ 1.6,1,PINS Mar 19 2021 72.0 Call,1.60,0.65,159.34,0.01,,,
03/17/2021,33496904792,Bought 1 PINS Mar 19 2021 72.0 Call @ 1.4,1,PINS Mar 19 2021 72.0 Call,1.40,0.65,-140.66,0.01,,,
03/17/2021,33497080810,Sold 1 PINS Mar 26 2021 71.5 Call @ 2.85,1,PINS Mar 26 2021 71.5 Call,2.85,0.65,284.34,0.01,,,
03/17/2021,33501999931,Sold 1 SPCE Mar 19 2021 34.0 Put @ 1.11,1,SPCE Mar 19 2021 34.0 Put,1.11,0.65,110.34,0.01,,,
03/18/2021,33509667181,CASH ALTERNATIVES REDEMPTION (MMDA1),5644.1,MMDA1,,,0.00,,,,
03/18/2021,33509667168,CASH ALTERNATIVES REDEMPTION,,,,,5644.10,,,,
03/18/2021,33524424563,Bought 2 SPCE Mar 19 2021 34.0 Put @ 1.24,2,SPCE Mar 19 2021 34.0 Put,1.24,1.30,-249.33,0.03,,,
03/18/2021,33532013372,Bought 20 MVIS @ 16.87,20,MVIS,16.87,0.00,-337.40,,,,
03/18/2021,33532074780,Bought 20 MVIS @ 16.8678,20,MVIS,16.8678,0.00,-337.36,,,,
03/18/2021,33532094315,Bought 10 MVIS @ 16.8299,10,MVIS,16.8299,0.00,-168.30,,,,
03/18/2021,33532153090,Bought 1 PINS Mar 26 2021 71.5 Call @ 2.48,1,PINS Mar 26 2021 71.5 Call,2.48,0.65,-248.66,0.01,,,
03/18/2021,33533617335,Sold 1 PINS Mar 26 2021 73.0 Call @ 1.49,1,PINS Mar 26 2021 73.0 Call,1.49,0.65,148.34,0.01,,,
03/19/2021,33541669472,CASH ALTERNATIVES REDEMPTION (MMDA1),968.28,MMDA1,,,0.00,,,,
03/19/2021,33541669423,CASH ALTERNATIVES REDEMPTION,,,,,968.28,,,,
03/19/2021,33557315173,Bought 10 MVIS @ 16.0014,10,MVIS,16.0014,0.00,-160.01,,,,
03/19/2021,33558611318,Sold 1 FUBO Apr 1 2021 38.0 Call @ 0.45,1,FUBO Apr 1 2021 38.0 Call,0.45,0.65,44.34,0.01,,,
03/19/2021,33560100491,Sold 1 CHWY Apr 1 2021 72.5 Put @ 2.08,1,CHWY Apr 1 2021 72.5 Put,2.08,0.65,207.34,0.01,,,
03/19/2021,33560583538,Bought 50 MVIS @ 16.5234,50,MVIS,16.5234,0.00,-826.17,,,,
03/19/2021,33560491762,Bought 40 MVIS @ 16.495,40,MVIS,16.495,0.00,-659.80,,,,
03/19/2021,33560776343,Bought 25 MVIS @ 16.598,25,MVIS,16.598,0.00,-414.95,,,,
03/19/2021,33562884786,Bought 25 MVIS @ 16.72,25,MVIS,16.72,0.00,-418.00,,,,
03/19/2021,33565524405,Bought 1 AAPL @ 120.115,1,AAPL,120.115,0.00,-120.12,,,,
03/22/2021,33587324782,CASH ALTERNATIVES REDEMPTION (MMDA1),1300.76,MMDA1,,,0.00,,,,
03/22/2021,33587324779,CASH ALTERNATIVES REDEMPTION,,,,,1300.76,,,,
03/22/2021,33590981518,Bought 1 PINS Mar 26 2021 73.0 Call @ 1.25,1,PINS Mar 26 2021 73.0 Call,1.25,0.65,-125.66,0.01,,,
03/22/2021,33592408048,Bought 1 CHWY Apr 1 2021 72.5 Put @ 1.08,1,CHWY Apr 1 2021 72.5 Put,1.08,0.65,-108.66,0.01,,,
03/22/2021,33592626753,Sold 1 PINS Apr 1 2021 73.0 Call @ 2.1,1,PINS Apr 1 2021 73.0 Call,2.10,0.65,209.34,0.01,,,
03/22/2021,33594855925,Bought 1 FUBO Apr 1 2021 38.0 Call @ 0.42,1,FUBO Apr 1 2021 38.0 Call,0.42,0.65,-42.66,0.01,,,
03/22/2021,33595230835,Sold 1 CHWY Apr 1 2021 80.0 Put @ 2.66,1,CHWY Apr 1 2021 80.0 Put,2.66,0.65,265.34,0.01,,,
03/22/2021,33595679271,Bought 4 DKNG @ 71.665,4,DKNG,71.665,0.00,-286.66,,,,
03/22/2021,33597891788,Bought 1 MVIS Aug 20 2021 12.0 Put @ 3.7,1,MVIS Aug 20 2021 12.0 Put,3.70,0.65,-370.66,0.01,,,
03/23/2021,33609047760,CASH ALTERNATIVES REDEMPTION (MMDA1),2062.63,MMDA1,,,0.00,,,,
03/23/2021,33609047689,CASH ALTERNATIVES REDEMPTION,,,,,2062.63,,,,
03/23/2021,33623817699,Sold 4 TTWO @ 174.8201,4,TTWO,174.8201,0.00,699.28,,,,
03/23/2021,33624486633,Bought 15 DKNG @ 70.7866,15,DKNG,70.7866,0.00,-1061.80,,,,
03/23/2021,33624486745,Bought 1 DKNG @ 70.78,1,DKNG,70.78,0.00,-70.78,,,,
03/23/2021,33624630295,Bought 10 CHPT @ 23.61,10,CHPT,23.61,0.00,-236.10,,,,
03/23/2021,33628010354,Bought 1 PINS Apr 1 2021 73.0 Call @ 1.65,1,PINS Apr 1 2021 73.0 Call,1.65,0.65,-165.66,0.01,,,
03/24/2021,33637792558,CASH ALTERNATIVES REDEMPTION (MMDA1),452.32,MMDA1,,,0.00,,,,
03/24/2021,33637792521,CASH ALTERNATIVES REDEMPTION,,,,,452.32,,,,
03/24/2021,33653604923,Sold 1 PINS Mar 26 2021 74.0 Call @ 0.63,1,PINS Mar 26 2021 74.0 Call,0.63,0.65,62.34,0.01,,,
03/24/2021,33657830315,Sold 1 MVIS Apr 16 2021 18.0 Call @ 1.1,1,MVIS Apr 16 2021 18.0 Call,1.10,0.65,109.34,0.01,,,
03/24/2021,33657847912,Bought 20 MVIS @ 14.3099,20,MVIS,14.3099,0.00,-286.20,,,,
03/24/2021,33659049504,Bought 30 MVIS @ 13.6,30,MVIS,13.60,0.00,-408.00,,,,
03/24/2021,33662394371,Bought 1 PINS Mar 26 2021 74.0 Call @ 0.3,1,PINS Mar 26 2021 74.0 Call,0.30,0.65,-30.66,0.01,,,
03/25/2021,33673882538,CASH ALTERNATIVES REDEMPTION (MMDA1),291.36,MMDA1,,,0.00,,,,
03/25/2021,33673882493,CASH ALTERNATIVES REDEMPTION,,,,,291.36,,,,
03/25/2021,33673882596,OFF-CYCLE INTEREST (MMDA1),,MMDA1,,,0.04,,,,
03/25/2021,33695996604,Bought 20 MVIS @ 13.345,20,MVIS,13.345,0.00,-266.90,,,,
03/25/2021,33698313167,Bought 1 PLUG Mar 26 2021 40.0 Put @ 8.37,1,PLUG Mar 26 2021 40.0 Put,8.37,0.65,-837.66,0.01,,,
03/25/2021,33698322317,Sold 1 PLUG Apr 1 2021 40.0 Put @ 8.48,1,PLUG Apr 1 2021 40.0 Put,8.48,0.65,847.34,0.01,,,
03/25/2021,33706624817,Bought 30 MVIS @ 13.9569,30,MVIS,13.9569,0.00,-418.71,,,,
03/26/2021,33743176329,Bought 50 MVIS @ 13.3794,50,MVIS,13.3794,0.00,-668.97,,,,
03/29/2021,33775212543,Sold 1 PINS Apr 9 2021 76.0 Call @ 0.65,1,PINS Apr 9 2021 76.0 Call,0.65,0.65,64.34,0.01,,,
03/29/2021,33776768277,Sold 2 ADSK @ 271.0091,2,ADSK,271.0091,0.00,542.02,,,,
03/30/2021,33803711202,Sold 1 FSLY Apr 16 2021 69.0 Put @ 7.67,1,FSLY Apr 16 2021 69.0 Put,7.67,0.65,766.34,0.01,,,
03/30/2021,33803721362,Bought 1 FSLY Apr 1 2021 70.0 Put @ 7.38,1,FSLY Apr 1 2021 70.0 Put,7.38,0.65,-738.66,0.01,,,
03/30/2021,33804319162,Sold 10 AYX @ 77.44,10,AYX,77.44,0.00,774.40,,,,
03/30/2021,33804474051,Sold 1 SHOP @ 1032.3773,1,SHOP,1032.3773,0.00,1032.37,0.01,,,
03/30/2021,33805471861,Sold 1 FUBO Apr 1 2021 29.0 Call @ 0.05,1,FUBO Apr 1 2021 29.0 Call,0.05,0.65,4.34,0.01,,,
03/30/2021,33812754950,Bought 1 PLUG Apr 1 2021 40.0 Put @ 6.07,1,PLUG Apr 1 2021 40.0 Put,6.07,0.65,-607.66,0.01,,,
03/30/2021,33812754978,Sold 1 PLUG Apr 16 2021 39.0 Put @ 6.07,1,PLUG Apr 16 2021 39.0 Put,6.07,0.65,606.34,0.01,,,
03/31/2021,33863858665,Bought 1 MVIS Apr 16 2021 18.0 Call @ 3.54,1,MVIS Apr 16 2021 18.0 Call,3.54,0.65,-354.66,0.01,,,
03/31/2021,33863859749,Sold 1 MVIS May 21 2021 25.0 Call @ 3.75,1,MVIS May 21 2021 25.0 Call,3.75,0.65,374.34,0.01,,,
03/31/2021,33864154317,Bought 1 MVIS May 21 2021 25.0 Call @ 3.6,1,MVIS May 21 2021 25.0 Call,3.60,0.65,-360.66,0.01,,,
03/31/2021,33882556470,MARGIN INTEREST ADJUSTMENT,,,,,-2.22,,,,
03/31/2021,33882556476,FREE BALANCE INTEREST ADJUSTMENT,,,,,0.01,,,,
04/01/2021,33915862407,Bought 1 CHWY Apr 1 2021 80.0 Put @ 0.06,1,CHWY Apr 1 2021 80.0 Put,0.06,0.65,-6.66,0.01,,,
04/01/2021,33916805869,Sold 1 MVIS Apr 16 2021 23.0 Call @ 0.8,1,MVIS Apr 16 2021 23.0 Call,0.80,0.65,79.34,0.01,,,
04/01/2021,33917352624,Sold 3 FSLY @ 70.7834,3,FSLY,70.7834,0.00,212.35,,,,
04/05/2021,33942403494,REMOVAL OF OPTION DUE TO EXPIRATION (0FUBO.D110029000),1,,,,0.00,,,,
04/05/2021,33954561535,Bought 1 MVIS Apr 16 2021 23.0 Call @ 0.63,1,MVIS Apr 16 2021 23.0 Call,0.63,0.65,-63.66,0.01,,,
04/06/2021,33971311505,CASH ALTERNATIVES PURCHASE (MMDA1),45.93,MMDA1,,,0.00,,,,
04/06/2021,33971311491,CASH ALTERNATIVES PURCHASE,,,,,-45.93,,,,
04/09/2021,34084997436,Sold 1 FUBO Apr 9 2021 28.5 Call @ 0.02,1,FUBO Apr 9 2021 28.5 Call,0.02,0.65,1.34,0.01,,,
04/12/2021,34106449087,CASH ALTERNATIVES PURCHASE (MMDA1),1.34,MMDA1,,,0.00,,,,
04/12/2021,34105313495,Sold 100 PINS @ 76,100,PINS,76.00,,7599.95,0.05,,,
04/12/2021,34105372640,REMOVAL OF OPTION DUE TO ASSIGNMENT (0PINS.D910076000),1,,,,0.00,,,,
04/12/2021,34105816843,REMOVAL OF OPTION DUE TO EXPIRATION (0FUBO.D910028500),1,,,,0.00,,,,
04/12/2021,34106449073,CASH ALTERNATIVES PURCHASE,,,,,-1.34,,,,
04/12/2021,34113979064,Sold 1 PINS May 21 2021 70.0 Put @ 2.15,1,PINS May 21 2021 70.0 Put,2.15,0.65,214.34,0.01,,,
04/13/2021,34125977228,CASH ALTERNATIVES PURCHASE (MMDA1),7778.07,MMDA1,,,0.00,,,,
04/13/2021,34125977214,CASH ALTERNATIVES PURCHASE,,,,,-7778.07,,,,
04/13/2021,34140589803,Bought 1 PLUG Apr 16 2021 39.0 Put @ 10.95,1,PLUG Apr 16 2021 39.0 Put,10.95,0.65,-1095.66,0.01,,,
04/13/2021,34141146061,Sold 1 MVIS Apr 16 2021 22.0 Call @ 0.1,1,MVIS Apr 16 2021 22.0 Call,0.10,0.65,9.34,0.01,,,
04/13/2021,34141888985,Sold 1 FUBO May 21 2021 40.0 Call @ 0.42,1,FUBO May 21 2021 40.0 Call,0.42,0.65,41.34,0.01,,,
04/14/2021,34152789695,CASH ALTERNATIVES REDEMPTION (MMDA1),1008.76,MMDA1,,,0.00,,,,
04/14/2021,34152789684,CASH ALTERNATIVES REDEMPTION,,,,,1008.76,,,,
04/14/2021,34165935280,Bought 1 PINS May 21 2021 70.0 Put @ 1.4,1,PINS May 21 2021 70.0 Put,1.40,0.65,-140.66,0.01,,,
04/14/2021,34166046307,Bought 1 FSLY Apr 16 2021 69.0 Put @ 0.5,1,FSLY Apr 16 2021 69.0 Put,0.50,0.65,-50.66,0.01,,,
04/14/2021,34168755911,Sold 10 PLTR @ 25.075,10,PLTR,25.075,0.00,250.75,,,,
04/14/2021,34170731155,Bought 100 MVIS @ 13.0361,100,MVIS,13.0361,0.00,-1303.61,,,,
04/14/2021,34172185989,Sold 1 PTON May 28 2021 105.0 Put @ 5.2,1,PTON May 28 2021 105.0 Put,5.20,0.65,519.34,0.01,,,
04/15/2021,34180660080,CASH ALTERNATIVES PURCHASE (MMDA1),328.02,MMDA1,,,0.00,,,,
04/15/2021,34180660056,CASH ALTERNATIVES PURCHASE,,,,,-328.02,,,,
04/15/2021,34198657717,Sold 1 BAC Apr 23 2021 38.0 Put @ 0.51,1,BAC Apr 23 2021 38.0 Put,0.51,0.65,50.34,0.01,,,
04/15/2021,34199983706,Bought 1 BAC Apr 23 2021 38.0 Put @ 0.33,1,BAC Apr 23 2021 38.0 Put,0.33,0.65,-33.66,0.01,,,
04/16/2021,34210734064,CASH ALTERNATIVES REDEMPTION (MMDA1),1036.18,MMDA1,,,0.00,,,,
04/16/2021,34210734061,CASH ALTERNATIVES REDEMPTION,,,,,1036.18,,,,
04/16/2021,34230784042,Bought 1 FUBO May 21 2021 40.0 Call @ 0.22,1,FUBO May 21 2021 40.0 Call,0.22,0.65,-22.66,0.01,,,
04/16/2021,34232391485,Sold 1 PINS Apr 30 2021 70.0 Put @ 2.85,1,PINS Apr 30 2021 70.0 Put,2.85,0.65,284.34,0.01,,,
04/19/2021,34251782308,CASH ALTERNATIVES PURCHASE (MMDA1),261.68,MMDA1,,,0.00,,,,
04/19/2021,34248297619,REMOVAL OF OPTION DUE TO EXPIRATION (0MVIS.DG10022000),1,,,,0.00,,,,
04/19/2021,34251782294,CASH ALTERNATIVES PURCHASE,,,,,-261.68,,,,
04/20/2021,34281249348,Bought 100 MVIS @ 12.06,100,MVIS,12.06,0.00,-1206.00,,,,
04/21/2021,34307615995,Sold 1 MVIS May 21 2021 9.0 Put @ 1.05,1,MVIS May 21 2021 9.0 Put,1.05,0.65,104.34,0.01,,,
04/21/2021,34309346819,Bought 1 MVIS May 21 2021 9.0 Put @ 0.9,1,MVIS May 21 2021 9.0 Put,0.90,0.65,-90.66,0.01,,,
04/21/2021,34313800820,Bought 10 MVIS @ 12.4799,10,MVIS,12.4799,0.00,-124.80,,,,
04/22/2021,34319236288,CASH ALTERNATIVES REDEMPTION (MMDA1),1192.32,MMDA1,,,0.00,,,,
04/22/2021,34319236265,CASH ALTERNATIVES REDEMPTION,,,,,1192.32,,,,
04/22/2021,34330685327,Bought 90 MVIS @ 14.1699,90,MVIS,14.1699,0.00,-1275.29,,,,
04/22/2021,34332013657,Sold 4 MVIS May 21 2021 30.0 Call @ 0.7,4,MVIS May 21 2021 30.0 Call,0.70,2.60,277.33,0.07,,,
04/22/2021,34332810791,Sold 1 FUBO May 28 2021 35.0 Call @ 0.56,1,FUBO May 28 2021 35.0 Call,0.56,0.65,55.34,0.01,,,
04/22/2021,34333037468,Sold 1 MVIS May 21 2021 30.0 Call @ 0.58,1,MVIS May 21 2021 30.0 Call,0.58,0.65,57.34,0.01,,,
04/22/2021,34333166535,Bought 5 MVIS May 21 2021 30.0 Call @ 0.6,5,MVIS May 21 2021 30.0 Call,0.60,3.25,-303.32,0.07,,,
04/22/2021,34334755320,Sold 4 MVIS May 21 2021 30.0 Call @ 0.7,4,MVIS May 21 2021 30.0 Call,0.70,2.60,277.34,0.06,,,
04/22/2021,34336530019,Bought 4 MVIS May 21 2021 30.0 Call @ 0.6,4,MVIS May 21 2021 30.0 Call,0.60,2.60,-242.66,0.06,,,
04/23/2021,34343651005,CASH ALTERNATIVES REDEMPTION (MMDA1),3.43,MMDA1,,,0.00,,,,
04/23/2021,34343650984,CASH ALTERNATIVES REDEMPTION,,,,,3.43,,,,
04/23/2021,34358857697,Bought 100 MVIS @ 16.4492,100,MVIS,16.4492,0.00,-1644.92,,,,
04/26/2021,34378390368,CASH ALTERNATIVES REDEMPTION (MMDA1),1275.29,MMDA1,,,0.00,,,,
04/26/2021,34378390341,CASH ALTERNATIVES REDEMPTION,,,,,1275.29,,,,
04/26/2021,34383145204,Bought 10 ARVL @ 17.8305,10,ARVL,17.8305,0.00,-178.31,,,,
04/26/2021,34383698510,Sold 100 MVIS @ 22.3501,100,MVIS,22.3501,0.00,2234.99,0.02,,,
04/26/2021,34383622257,Sold 100 MVIS @ 22.0201,100,MVIS,22.0201,0.00,2201.99,0.02,,,
04/26/2021,34383653034,Sold 100 MVIS @ 22.03,100,MVIS,22.03,0.00,2202.98,0.02,,,
04/26/2021,34383727894,Sold 100 MVIS @ 21.9103,100,MVIS,21.9103,0.00,2191.01,0.02,,,
04/26/2021,34383684311,Sold 100 MVIS @ 22.16,100,MVIS,22.16,0.00,2215.98,0.02,,,
04/26/2021,34383706116,Sold 100 MVIS @ 22.2104,100,MVIS,22.2104,0.00,2221.02,0.02,,,
04/26/2021,34383733599,Sold 100 MVIS @ 21.9701,100,MVIS,21.9701,0.00,2196.99,0.02,,,
04/26/2021,34383817876,Sold 100 MVIS @ 22.0001,100,MVIS,22.0001,0.00,2199.99,0.02,,,
04/26/2021,34383933285,Bought 100 MVIS @ 22.3399,100,MVIS,22.3399,0.00,-2233.99,,,,
04/26/2021,34383935649,Bought 100 MVIS @ 22.4799,100,MVIS,22.4799,0.00,-2247.99,,,,
04/26/2021,34384303988,Bought 200 MVIS @ 21.9492,200,MVIS,21.9492,0.00,-4389.84,,,,
04/26/2021,34384597653,Bought 10 CPNG @ 44.9999,10,CPNG,44.9999,0.00,-450.00,,,,
04/26/2021,34385089740,Bought 200 MVIS @ 22.59,200,MVIS,22.59,0.00,-4518.00,,,,
04/26/2021,34389795225,Sold 300 MVIS @ 26.5014,300,MVIS,26.5014,0.00,7950.35,0.07,,,
04/26/2021,34390143897,Bought 300 MVIS @ 26.4,300,MVIS,26.40,0.00,-7920.00,,,,
04/26/2021,34390889144,Bought 300 MVIS @ 26.33,300,MVIS,26.33,0.00,-7899.00,,,,
04/26/2021,34390898006,Sold 2 GOOG @ 2328.1401,2,GOOG,2328.1401,0.00,4656.26,0.02,,,
04/26/2021,34391445357,Bought 5 MVIS @ 28.05,5,MVIS,28.05,0.00,-140.25,,,,
04/26/2021,34392636250,OFF-CYCLE INTEREST (MMDA1),,MMDA1,,,0.02,,,,
04/27/2021,34396904012,CASH ALTERNATIVES REDEMPTION (MMDA1),3899.06,MMDA1,,,0.00,,,,
04/27/2021,34396903653,CASH ALTERNATIVES REDEMPTION,,,,,3899.06,,,,
04/27/2021,34410094362,Bought 25 MVIS @ 23.1393,25,MVIS,23.1393,0.00,-578.48,,,,
04/27/2021,34410131722,Sold 330 MVIS @ 22.41,330,MVIS,22.41,0.00,7395.22,0.08,,,
04/27/2021,34410145355,Sold 5 BMBL @ 59.5001,5,BMBL,59.5001,0.00,297.50,,,,
04/27/2021,34410676770,Bought 100 MVIS @ 22.033,100,MVIS,22.033,0.00,-2203.30,,,,
04/27/2021,34410742471,Bought 100 MVIS @ 22.0401,100,MVIS,22.0401,0.00,-2204.01,,,,
04/27/2021,34417711636,Bought 20 MVIS @ 21.17,20,MVIS,21.17,0.00,-423.40,,,,
04/28/2021,34437459904,Bought 20 MVIS @ 23.7599,20,MVIS,23.7599,0.00,-475.20,,,,
04/28/2021,34437679258,Bought 20 MVIS @ 23.9101,20,MVIS,23.9101,0.00,-478.20,,,,
04/28/2021,34437661103,Bought 40 MVIS @ 23.8801,40,MVIS,23.8801,0.00,-955.20,,,,
04/28/2021,34443509878,Bought 50 MVIS @ 21.1081,50,MVIS,21.1081,0.00,-1055.41,,,,
04/29/2021,34462753273,Bought 1 PINS Apr 30 2021 70.0 Put @ 3.92,1,PINS Apr 30 2021 70.0 Put,3.92,0.65,-392.66,0.01,,,
04/29/2021,34462862918,Sold 1 PINS May 7 2021 70.0 Put @ 4.57,1,PINS May 7 2021 70.0 Put,4.57,0.65,456.34,0.01,,,
04/29/2021,34470181928,Sold 50 MVIS @ 16.59,50,MVIS,16.59,0.00,829.49,0.01,,,
04/29/2021,34472003571,MISCELLANEOUS JOURNAL ENTRY,,,,,0.01,,,,
04/30/2021,34494604498,Sold 100 MVIS @ 13.78,100,MVIS,13.78,0.00,1377.98,0.02,,,
04/30/2021,34494606285,Sold 3 MVIS @ 13.7,3,MVIS,13.70,0.00,41.10,,,,
04/30/2021,34494606291,Sold 17 MVIS @ 13.69,17,MVIS,13.69,0.00,232.73,,,,
04/30/2021,34494606146,Sold 20 MVIS @ 13.7,20,MVIS,13.70,0.00,274.00,,,,
04/30/2021,34494607304,Sold 20 MVIS @ 13.73,20,MVIS,13.73,0.00,274.60,,,,
04/30/2021,34494607850,Sold 20 MVIS @ 13.74,20,MVIS,13.74,0.00,274.80,,,,
04/30/2021,34494609301,Sold 20 MVIS @ 13.68,20,MVIS,13.68,0.00,273.60,,,,
04/30/2021,34494682558,Sold 20 MVIS @ 14.02,20,MVIS,14.02,0.00,280.40,,,,
04/30/2021,34494683118,Sold 20 MVIS @ 14.05,20,MVIS,14.05,0.00,281.00,,,,
04/30/2021,34494683760,Sold 20 MVIS @ 14.05,20,MVIS,14.05,0.00,281.00,,,,
04/30/2021,34494690933,Sold 20 MVIS @ 14.03,20,MVIS,14.03,0.00,280.60,,,,
04/30/2021,34494691505,Sold 20 MVIS @ 13.97,20,MVIS,13.97,0.00,279.40,,,,
04/30/2021,34494911052,Sold 50 MVIS @ 14.16,50,MVIS,14.16,0.00,707.99,0.01,,,
04/30/2021,34494987377,Sold 50 MVIS @ 14.1528,50,MVIS,14.1528,0.00,707.63,0.01,,,
04/30/2021,34496612302,Bought 20 CHPT @ 25.4699,20,CHPT,25.4699,0.00,-509.40,,,,
04/30/2021,34496691060,Bought 20 CHPT @ 25.5999,20,CHPT,25.5999,0.00,-512.00,,,,
04/30/2021,34496691277,Bought 20 CHPT @ 25.5294,20,CHPT,25.5294,0.00,-510.59,,,,
04/30/2021,34496830306,Sold 1 CHPT May 7 2021 27.0 Call @ 0.85,1,CHPT May 7 2021 27.0 Call,0.85,0.65,84.34,0.01,,,
04/30/2021,34497418118,Bought 1 FUBO May 28 2021 35.0 Call @ 0.32,1,FUBO May 28 2021 35.0 Call,0.32,0.65,-32.66,0.01,,,
04/30/2021,34500002417,Bought 1 CHPT May 7 2021 27.0 Call @ 0.65,1,CHPT May 7 2021 27.0 Call,0.65,0.65,-65.66,0.01,,,
04/30/2021,34522493809,MARGIN INTEREST ADJUSTMENT,,,,,-0.22,,,,
05/03/2021,34554747014,Sold 1 CHPT May 14 2021 29.0 Call @ 0.36,1,CHPT May 14 2021 29.0 Call,0.36,0.65,35.34,0.01,,,
05/03/2021,34555117696,Sold 3 MVIS May 21 2021 40.0 Call @ 0.15,3,MVIS May 21 2021 40.0 Call,0.15,1.95,43.00,0.05,,,
05/04/2021,34589992148,Bought 1 PINS May 7 2021 70.0 Put @ 9.8,1,PINS May 7 2021 70.0 Put,9.80,0.65,-980.66,0.01,,,
05/05/2021,34616535790,Bought 1 PTON May 28 2021 105.0 Put @ 17.85,1,PTON May 28 2021 105.0 Put,17.85,0.65,-1785.66,0.01,,,
05/05/2021,34616816626,Bought 10 CPNG @ 42.0899,10,CPNG,42.0899,0.00,-420.90,,,,
05/06/2021,34628589501,QUALIFIED DIVIDEND (ATVI),,ATVI,,,4.70,,,,
05/07/2021,34683230055,Bought 10 CPNG @ 39.7699,10,CPNG,39.7699,0.00,-397.70,,,,
05/07/2021,34683275677,Bought 10 CPNG @ 39.7594,10,CPNG,39.7594,0.00,-397.59,,,,
05/07/2021,34684898663,Bought 3 MVIS May 21 2021 40.0 Call @ 0.1,3,MVIS May 21 2021 40.0 Call,0.10,1.95,-31.99,0.04,,,
05/07/2021,34688536508,Bought 1 CHPT May 14 2021 29.0 Call @ 0.05,1,CHPT May 14 2021 29.0 Call,0.05,0.00,-5.01,0.01,,,
05/13/2021,34781145112,QUALIFIED DIVIDEND (AAPL),,AAPL,,,2.86,,,,
05/17/2021,34861683050,Bought 50 CPNG @ 33.2499,50,CPNG,33.2499,0.00,-1662.50,,,,
05/17/2021,34861745622,Sold 1 FUBO Jul 2 2021 35.0 Call @ 0.3,1,FUBO Jul 2 2021 35.0 Call,0.30,0.65,29.34,0.01,,,
05/17/2021,34861787674,Sold 5 MVIS Jun 25 2021 25.0 Call @ 0.85,5,MVIS Jun 25 2021 25.0 Call,0.85,3.25,421.67,0.08,,,
05/17/2021,34861950406,Sold 1 CHPT Jun 25 2021 26.5 Call @ 0.96,1,CHPT Jun 25 2021 26.5 Call,0.96,0.65,95.34,0.01,,,
05/24/2021,34984470595,Bought 1 FUBO Jul 2 2021 35.0 Call @ 0.16,1,FUBO Jul 2 2021 35.0 Call,0.16,0.65,-16.66,0.01,,,
05/27/2021,35054891076,Sold 1 FUBO Jul 9 2021 30.0 Call @ 1.1,1,FUBO Jul 9 2021 30.0 Call,1.10,0.65,109.34,0.01,,,
05/28/2021,35093631237,Sold 1 CHPT Jun 4 2021 22.5 Put @ 0.5,1,CHPT Jun 4 2021 22.5 Put,0.50,0.65,49.34,0.01,,,
06/02/2021,35179278711,Sold 1 FUBO Jul 16 2021 37.0 Call @ 1.19,1,FUBO Jul 16 2021 37.0 Call,1.19,0.65,118.34,0.01,,,
06/02/2021,35179278725,Bought 1 FUBO Jul 9 2021 30.0 Call @ 2.38,1,FUBO Jul 9 2021 30.0 Call,2.38,0.65,-238.66,0.01,,,
06/07/2021,35271327229,REMOVAL OF OPTION DUE TO EXPIRATION (0CHPT.R410022500),1,,,,0.00,,,,
06/08/2021,35322751570,Sold 10 ARVL @ 19.1148,10,ARVL,19.1148,0.00,191.15,,,,
06/09/2021,35353097232,Sold 1 TSLA @ 605.1984,1,TSLA,605.1984,0.00,605.20,,,,
06/09/2021,35354585871,Sold 1 CHPT Jul 23 2021 23.5 Put @ 0.76,1,CHPT Jul 23 2021 23.5 Put,0.76,0.65,75.34,0.01,,,
06/10/2021,35364784068,QUALIFIED DIVIDEND (MSFT),,MSFT,,,3.36,,,,
06/14/2021,35449710594,Bought 8 CRSR @ 37.7499,8,CRSR,37.7499,0.00,-302.00,,,,
06/14/2021,35449713209,Sold 20 CRSR @ 37.7622,20,CRSR,37.7622,0.00,755.24,,,,
06/14/2021,35449805447,Bought 20 CRSR @ 37.8071,20,CRSR,37.8071,0.00,-756.14,,,,
06/14/2021,35450094298,Sold 3 MSFT @ 257.7435,3,MSFT,257.7435,0.00,773.23,,,,
06/14/2021,35450046400,Bought 80 CRSR @ 37.1899,80,CRSR,37.1899,0.00,-2975.19,,,,
06/14/2021,35450047004,Sold 1 CRSR Jun 18 2021 50.0 Call @ 0.73,1,CRSR Jun 18 2021 50.0 Call,0.73,0.65,72.34,0.01,,,
06/15/2021,35482490633,Bought 1 CHPT Jun 25 2021 26.5 Call @ 2.55,1,CHPT Jun 25 2021 26.5 Call,2.55,0.65,-255.66,0.01,,,
06/15/2021,35482624031,Sold 1 CHPT Jun 25 2021 30.0 Call @ 0.78,1,CHPT Jun 25 2021 30.0 Call,0.78,0.65,77.34,0.01,,,
06/18/2021,35579496211,Bought 1 CRSR Jun 18 2021 50.0 Call @ 0.01,1,CRSR Jun 18 2021 50.0 Call,0.01,0.00,-1.01,0.01,,,
06/18/2021,35579875782,Sold 1 CRSR Jul 16 2021 50.0 Call @ 0.59,1,CRSR Jul 16 2021 50.0 Call,0.59,0.65,58.34,0.01,,,
06/18/2021,35579858130,Bought 1 CHPT Jul 23 2021 23.5 Put @ 0.21,1,CHPT Jul 23 2021 23.5 Put,0.21,0.65,-21.66,0.01,,,
06/22/2021,35641247803,Bought 1 CRSR Jul 16 2021 50.0 Call @ 0.15,1,CRSR Jul 16 2021 50.0 Call,0.15,0.65,-15.66,0.01,,,
06/22/2021,35641359672,Bought 5 MVIS Jun 25 2021 25.0 Call @ 0.05,5,MVIS Jun 25 2021 25.0 Call,0.05,0.00,-25.07,0.07,,,
06/22/2021,35642277594,Sold 5 MVIS Jul 2 2021 23.5 Call @ 0.25,5,MVIS Jul 2 2021 23.5 Call,0.25,3.25,121.67,0.08,,,
06/25/2021,35731789841,Sold 1 CRSR Jul 16 2021 42.5 Call @ 0.38,1,CRSR Jul 16 2021 42.5 Call,0.38,0.65,37.34,0.01,,,
06/25/2021,35734089051,Bought 100 SPEYF @ 0.4361,100,SPEYF,0.4361,6.95,-50.56,,,,
06/28/2021,35752319007,Sold 100 CHPT @ 30,100,CHPT,30.00,,2999.97,0.03,,,
06/28/2021,35752450746,REMOVAL OF OPTION DUE TO ASSIGNMENT (0CHPT.FP10030000),1,,,,0.00,,,,
06/28/2021,35765110758,Sold 1 TSLA @ 688.2794,1,TSLA,688.2794,0.00,688.28,,,,
06/28/2021,35765232143,Sold 3 MSFT @ 267.61,3,MSFT,267.61,0.00,802.83,,,,
06/29/2021,35803984032,Sold 1 CPNG Jul 16 2021 50.0 Call @ 0.45,1,CPNG Jul 16 2021 50.0 Call,0.45,0.65,44.34,0.01,,,
07/02/2021,35943746984,Sold 1 CHPT Jul 9 2021 31.0 Put @ 0.29,1,CHPT Jul 9 2021 31.0 Put,0.29,0.65,28.34,0.01,,,
07/02/2021,35944351909,Bought 5 MVIS Jul 2 2021 23.5 Call @ 0.05,5,MVIS Jul 2 2021 23.5 Call,0.05,0.00,-25.07,0.07,,,
07/02/2021,35944453545,Bought 100 MVIS @ 15.9178,100,MVIS,15.9178,0.00,-1591.78,,,,
07/02/2021,35944453109,Sold 100 MVIS @ 15.9001,100,MVIS,15.9001,0.00,1589.99,0.02,,,
07/02/2021,35944462395,Sold 100 MVIS @ 15.8842,100,MVIS,15.8842,0.00,1588.40,0.02,,,
07/02/2021,35944450814,Sold 100 MVIS @ 15.9301,100,MVIS,15.9301,0.00,1592.99,0.02,,,
07/02/2021,35944473578,Sold 100 MVIS @ 15.9201,100,MVIS,15.9201,0.00,1591.99,0.02,,,
07/02/2021,35944484728,Sold 100 MVIS @ 15.9301,100,MVIS,15.9301,0.00,1592.99,0.02,,,
07/02/2021,35944545885,Sold 100 MVIS @ 15.8001,100,MVIS,15.8001,0.00,1579.99,0.02,,,
07/02/2021,35944594926,Sold 1 CHPT Jul 9 2021 31.0 Put @ 0.37,1,CHPT Jul 9 2021 31.0 Put,0.37,0.65,36.34,0.01,,,
07/06/2021,35982103593,Bought 1 FUBO Jul 16 2021 37.0 Call @ 0.12,1,FUBO Jul 16 2021 37.0 Call,0.12,0.65,-12.66,0.01,,,
07/07/2021,36010698823,Sold 1 FUBO Jul 16 2021 34.0 Call @ 0.24,1,FUBO Jul 16 2021 34.0 Call,0.24,0.65,23.34,0.01,,,
07/08/2021,36050478844,Sold 1 SPCE Jul 16 2021 30.0 Put @ 0.65,1,SPCE Jul 16 2021 30.0 Put,0.65,0.65,64.34,0.01,,,
07/08/2021,36050584137,Sold 1 AMD Jul 16 2021 80.0 Put @ 0.16,1,AMD Jul 16 2021 80.0 Put,0.16,0.65,15.34,0.01,,,
07/08/2021,36053635649,Bought 1 CRSR Jul 16 2021 42.5 Call @ 0.04,1,CRSR Jul 16 2021 42.5 Call,0.04,0.00,-4.01,0.01,,,
07/08/2021,36053873679,Bought 10 PTON @ 124.22,10,PTON,124.22,0.00,-1242.20,,,,
07/09/2021,36078136065,Bought 1 SPCE Jul 16 2021 30.0 Put @ 0.61,1,SPCE Jul 16 2021 30.0 Put,0.61,0.65,-61.66,0.01,,,
07/12/2021,36096650981,Bought 200 CHPT @ 31,200,CHPT,31.00,,-6200.00,,,,
07/12/2021,36096762740,REMOVAL OF OPTION DUE TO ASSIGNMENT (0CHPT.S910031000),2,,,,0.00,,,,
07/12/2021,36107881913,Bought 1 FUBO Jul 16 2021 34.0 Call @ 0.04,1,FUBO Jul 16 2021 34.0 Call,0.04,0.00,-4.01,0.01,,,
07/12/2021,36108174217,Bought 10 PTON @ 118.9254,10,PTON,118.9254,0.00,-1189.25,,,,
07/13/2021,36134934066,Sold 1 CRSR Aug 20 2021 45.0 Call @ 0.3,1,CRSR Aug 20 2021 45.0 Call,0.30,0.65,29.34,0.01,,,
07/15/2021,36186486481,Sold 1 AMD Jul 23 2021 84.0 Put @ 0.5,1,AMD Jul 23 2021 84.0 Put,0.50,0.65,49.34,0.01,,,
07/15/2021,36188499054,Bought 1 CRSR Aug 20 2021 45.0 Call @ 0.15,1,CRSR Aug 20 2021 45.0 Call,0.15,0.65,-15.66,0.01,,,
07/19/2021,36230265910,REMOVAL OF OPTION DUE TO EXPIRATION (0AMD..SG10080000),1,,,,0.00,,,,
07/19/2021,36230418792,REMOVAL OF OPTION DUE TO EXPIRATION (0CPNG.GG10050000),1,,,,0.00,,,,
07/26/2021,36358635746,REMOVAL OF OPTION DUE TO EXPIRATION (0AMD..SN10084000),1,,,,0.00,,,,
07/30/2021,36498488701,FREE BALANCE INTEREST ADJUSTMENT,,,,,0.04,,,,
08/04/2021,36590833823,Sold 1 FUBO Sep 3 2021 37.0 Call @ 0.4,1,FUBO Sep 3 2021 37.0 Call,0.40,0.65,39.34,0.01,,,
08/04/2021,36590882939,Sold 1 CPNG Aug 20 2021 50.0 Call @ 0.35,1,CPNG Aug 20 2021 50.0 Call,0.35,0.65,34.34,0.01,,,
08/04/2021,36590916643,Sold 1 CRSR Aug 20 2021 37.5 Call @ 0.13,1,CRSR Aug 20 2021 37.5 Call,0.13,0.65,12.34,0.01,,,
08/04/2021,36590969247,Bought 10 PTON @ 119.6,10,PTON,119.60,0.00,-1196.00,,,,
08/09/2021,36680726155,Bought 10 PTON @ 115.8441,10,PTON,115.8441,0.00,-1158.44,,,,
08/12/2021,36735543869,QUALIFIED DIVIDEND (AAPL),,AAPL,,,2.86,,,,
08/13/2021,36786349559,Bought 1 CPNG Aug 20 2021 50.0 Call @ 0.05,1,CPNG Aug 20 2021 50.0 Call,0.05,0.00,-5.01,0.01,,,
08/16/2021,36814920119,Bought 1 CRSR Aug 20 2021 37.5 Call @ 0.02,1,CRSR Aug 20 2021 37.5 Call,0.02,0.00,-2.01,0.01,,,
08/19/2021,36884076882,Sold 100 CRSR @ 25.3501,100,CRSR,25.3501,0.00,2534.99,0.02,,,
08/19/2021,36884128254,Bought 20 CPNG @ 32.0498,20,CPNG,32.0498,0.00,-641.00,,,,
08/20/2021,36904899238,Bought 20 CPNG @ 31.5199,20,CPNG,31.5199,0.00,-630.40,,,,
08/20/2021,36907332407,Bought 20 CPNG @ 32.025,20,CPNG,32.025,0.00,-640.50,,,,
08/24/2021,36952173780,Bought 20 CPNG @ 31.1798,20,CPNG,31.1798,0.00,-623.60,,,,
08/24/2021,36952973297,Sold 1 BMBL Sep 17 2021 40.0 Put @ 0.15,1,BMBL Sep 17 2021 40.0 Put,0.15,0.65,14.34,0.01,,,
08/26/2021,36998146637,Bought 1 FUBO Sep 3 2021 37.0 Call @ 0.04,1,FUBO Sep 3 2021 37.0 Call,0.04,0.00,-4.01,0.01,,,
08/30/2021,37049959077,Bought 1 BMBL Sep 17 2021 40.0 Put @ 0.05,1,BMBL Sep 17 2021 40.0 Put,0.05,0.00,-5.01,0.01,,,
08/30/2021,37051247643,Bought 10 CPNG @ 29.9599,10,CPNG,29.9599,0.00,-299.60,,,,
08/30/2021,37051251459,Bought 10 CPNG @ 29.9655,10,CPNG,29.9655,0.00,-299.66,,,,
08/31/2021,37077578381,Sold 2 CHPT Sep 3 2021 27.0 Call @ 0.06,2,CHPT Sep 3 2021 27.0 Call,0.06,1.30,10.68,0.02,,,
09/01/2021,37126327671,Bought 2 CHPT Sep 3 2021 27.0 Call @ 0.07,2,CHPT Sep 3 2021 27.0 Call,0.07,1.30,-15.32,0.02,,,
09/01/2021,37129472548,CLIENT REQUESTED ELECTRONIC FUNDING DISBURSEMENT (FUNDS NOW),,,,,-500.00,,,,
09/02/2021,37157405304,Sold 1 FUBO Sep 3 2021 34.0 Call @ 0.07,1,FUBO Sep 3 2021 34.0 Call,0.07,0.65,6.34,0.01,,,
09/02/2021,37157638740,Sold 1 AMD Sep 10 2021 99.0 Put @ 0.17,1,AMD Sep 10 2021 99.0 Put,0.17,0.65,16.34,0.01,,,
09/02/2021,37158812038,Bought 1 FUBO Sep 3 2021 34.0 Call @ 0.05,1,FUBO Sep 3 2021 34.0 Call,0.05,0.00,-5.01,0.01,,,
09/03/2021,37183004696,Sold 1 FUBO Sep 10 2021 36.0 Call @ 0.11,1,FUBO Sep 10 2021 36.0 Call,0.11,0.65,10.34,0.01,,,
09/03/2021,37183421597,Sold 1 CLF Sep 10 2021 23.0 Put @ 0.24,1,CLF Sep 10 2021 23.0 Put,0.24,0.65,23.34,0.01,,,
09/07/2021,37215926744,Sold 1 BMBL Sep 17 2021 50.0 Put @ 0.2,1,BMBL Sep 17 2021 50.0 Put,0.20,0.65,19.34,0.01,,,
09/08/2021,37249111212,Bought 1 PENN @ 85.91,1,PENN,85.91,0.00,-85.91,,,,
09/08/2021,37249077958,Sold 1 PENN @ 85.5155,1,PENN,85.5155,0.00,85.52,,,,
09/08/2021,37251020568,Bought 1 AMD Sep 10 2021 99.0 Put @ 0.15,1,AMD Sep 10 2021 99.0 Put,0.15,0.65,-15.66,0.01,,,
09/08/2021,37251159742,Bought 1 CLF Sep 10 2021 23.0 Put @ 0.36,1,CLF Sep 10 2021 23.0 Put,0.36,0.65,-36.66,0.01,,,
09/08/2021,37251159958,Sold 1 CLF Sep 17 2021 22.0 Put @ 0.38,1,CLF Sep 17 2021 22.0 Put,0.38,0.65,37.34,0.01,,,
09/08/2021,37252581257,Bought 1 FUBO Sep 10 2021 36.0 Call @ 0.03,1,FUBO Sep 10 2021 36.0 Call,0.03,0.00,-3.01,0.01,,,
09/08/2021,37254166940,Sold 1 CPNG Oct 15 2021 42.5 Call @ 0.15,1,CPNG Oct 15 2021 42.5 Call,0.15,0.65,14.34,0.01,,,
09/09/2021,37281347578,Sold 1 FUBO Sep 17 2021 35.0 Call @ 0.11,1,FUBO Sep 17 2021 35.0 Call,0.11,0.65,10.34,0.01,,,
09/09/2021,37281371454,Sold 1 FUBO Sep 17 2021 25.0 Put @ 0.09,1,FUBO Sep 17 2021 25.0 Put,0.09,0.65,8.34,0.01,,,
09/09/2021,37282006701,Bought 2 MSFT @ 299.319,2,MSFT,299.319,0.00,-598.64,,,,
09/09/2021,37282170289,Bought 1 CAT @ 206.04,1,CAT,206.04,0.00,-206.04,,,,
09/10/2021,37308557050,Sold 1 DKNG Sep 17 2021 60.0 Put @ 0.34,1,DKNG Sep 17 2021 60.0 Put,0.34,0.65,33.34,0.01,,,
09/13/2021,37337039414,Sold 1 CHPT Sep 24 2021 24.0 Call @ 0.19,1,CHPT Sep 24 2021 24.0 Call,0.19,0.65,18.34,0.01,,,
09/13/2021,37339836824,Sold 1 CPNG Sep 17 2021 32.5 Call @ 0.2,1,CPNG Sep 17 2021 32.5 Call,0.20,0.65,19.34,0.01,,,
09/13/2021,37339916826,Bought 5 MVIS @ 13.5299,5,MVIS,13.5299,0.00,-67.65,,,,
09/14/2021,37362673685,Sold 1 MSFT @ 298.88,1,MSFT,298.88,0.00,298.88,,,,
09/14/2021,37362695431,CLIENT REQUESTED ELECTRONIC FUNDING DISBURSEMENT (FUNDS NOW),,,,,-200.00,,,,
09/14/2021,37364542873,Bought 1 FUBO Sep 17 2021 25.0 Put @ 0.18,1,FUBO Sep 17 2021 25.0 Put,0.18,0.65,-18.66,0.01,,,
09/14/2021,37364542985,Sold 1 FUBO Sep 24 2021 24.0 Put @ 0.32,1,FUBO Sep 24 2021 24.0 Put,0.32,0.65,31.34,0.01,,,
09/14/2021,37364640199,Bought 1 AMD @ 106.465,1,AMD,106.465,0.00,-106.47,,,,
09/16/2021,37416387569,Sold 1 DKNG Sep 24 2021 59.0 Put @ 1.34,1,DKNG Sep 24 2021 59.0 Put,1.34,0.65,133.34,0.01,,,
09/16/2021,37416388808,Bought 1 DKNG Sep 17 2021 60.0 Put @ 1.04,1,DKNG Sep 17 2021 60.0 Put,1.04,0.65,-104.66,0.01,,,
09/16/2021,37416854309,Bought 1 FUBO Sep 17 2021 35.0 Call @ 0.01,1,FUBO Sep 17 2021 35.0 Call,0.01,0.00,-1.01,0.01,,,
09/16/2021,37417174525,Sold 1 FUBO Sep 24 2021 32.0 Call @ 0.12,1,FUBO Sep 24 2021 32.0 Call,0.12,0.65,11.34,0.01,,,
09/16/2021,37419920217,Bought 3 MVIS @ 12.96,3,MVIS,12.96,0.00,-38.88,,,,
09/17/2021,37443200889,Bought 1 CLF Sep 17 2021 22.0 Put @ 0.1,1,CLF Sep 17 2021 22.0 Put,0.10,0.65,-10.66,0.01,,,
09/17/2021,37443201087,Sold 1 CLF Sep 24 2021 21.5 Put @ 0.41,1,CLF Sep 24 2021 21.5 Put,0.41,0.65,40.34,0.01,,,
09/17/2021,37446057626,Bought 3 MVIS @ 12.6599,3,MVIS,12.6599,0.00,-37.98,,,,
09/20/2021,37460933464,REMOVAL OF OPTION DUE TO EXPIRATION (0CPNG.IH10032500),1,,,,0.00,,,,
09/20/2021,37461603904,REMOVAL OF OPTION DUE TO EXPIRATION (0BMBL.UH10050000),1,,,,0.00,,,,
09/20/2021,37472745543,Sold 1 SCHW Sep 24 2021 65.0 Put @ 0.38,1,SCHW Sep 24 2021 65.0 Put,0.38,0.65,37.34,0.01,,,
09/20/2021,37472961040,Sold 1 AMD @ 100.6919,1,AMD,100.6919,0.00,100.69,,,,
09/20/2021,37472971530,Sold 1 CAT @ 189.7601,1,CAT,189.7601,0.00,189.76,,,,
09/20/2021,37472956213,Sold 1 MSFT @ 293.051,1,MSFT,293.051,0.00,293.05,,,,
09/20/2021,37473349356,Bought 1 CPNG Oct 15 2021 42.5 Call @ 0.05,1,CPNG Oct 15 2021 42.5 Call,0.05,0.00,-5.01,0.01,,,
09/20/2021,37473521105,Sold 2 CPNG Oct 15 2021 35.0 Call @ 0.22,2,CPNG Oct 15 2021 35.0 Call,0.22,1.30,42.68,0.02,,,
09/20/2021,37473616824,Bought 1 FUBO Sep 24 2021 32.0 Call @ 0.03,1,FUBO Sep 24 2021 32.0 Call,0.03,0.00,-3.01,0.01,,,
09/20/2021,37473862704,Sold 1 CHPT Oct 1 2021 25.0 Call @ 0.14,1,CHPT Oct 1 2021 25.0 Call,0.14,0.65,13.34,0.01,,,
09/21/2021,37498011144,Sold 1 DKNG Oct 8 2021 59.0 Put @ 5.97,1,DKNG Oct 8 2021 59.0 Put,5.97,0.65,596.34,0.01,,,
09/21/2021,37498013032,Bought 1 DKNG Sep 24 2021 59.0 Put @ 5.38,1,DKNG Sep 24 2021 59.0 Put,5.38,0.65,-538.66,0.01,,,
09/21/2021,37498231921,Sold 1 FUBO Oct 1 2021 29.0 Call @ 0.31,1,FUBO Oct 1 2021 29.0 Call,0.31,0.65,30.34,0.01,,,
09/21/2021,37499911809,Bought 1 CLF Sep 24 2021 21.5 Put @ 2.51,1,CLF Sep 24 2021 21.5 Put,2.51,0.65,-251.66,0.01,,,
09/21/2021,37499911871,Sold 1 CLF Oct 1 2021 21.5 Put @ 2.68,1,CLF Oct 1 2021 21.5 Put,2.68,0.65,267.34,0.01,,,
09/22/2021,37524353586,Bought 9 MVIS @ 12.4396,9,MVIS,12.4396,0.00,-111.96,,,,
09/22/2021,37526004300,Bought 6 PTON @ 94.475,6,PTON,94.475,0.00,-566.85,,,,
09/23/2021,37558063592,Bought 1 CHPT Sep 24 2021 24.0 Call @ 0.01,1,CHPT Sep 24 2021 24.0 Call,0.01,0.00,-1.01,0.01,,,
09/23/2021,37558369532,Bought 1 SCHW Sep 24 2021 65.0 Put @ 0.01,1,SCHW Sep 24 2021 65.0 Put,0.01,0.00,-1.01,0.01,,,
09/23/2021,37558586013,Sold 1 CHPT Oct 8 2021 24.0 Call @ 0.25,1,CHPT Oct 8 2021 24.0 Call,0.25,0.65,24.34,0.01,,,
09/23/2021,37564938046,Sold 1 BMBL Oct 15 2021 55.0 Put @ 3,1,BMBL Oct 15 2021 55.0 Put,3.00,0.65,299.34,0.01,,,
09/24/2021,37590133227,Bought 10 MVIS @ 12.3899,10,MVIS,12.3899,0.00,-123.90,,,,
09/24/2021,37591147999,Sold 1 AAL Oct 1 2021 21.0 Put @ 0.34,1,AAL Oct 1 2021 21.0 Put,0.34,0.65,33.34,0.01,,,
09/24/2021,37595804583,Bought 1 FUBO Sep 24 2021 24.0 Put @ 0.01,1,FUBO Sep 24 2021 24.0 Put,0.01,0.00,-1.01,0.01,,,
09/27/2021,37618229241,Sold 1 MVIS Oct 1 2021 11.5 Put @ 0.15,1,MVIS Oct 1 2021 11.5 Put,0.15,0.65,14.34,0.01,,,
09/27/2021,37618525885,Sold 5 FSLY @ 41.2215,5,FSLY,41.2215,0.00,206.11,,,,
09/27/2021,37618574501,Bought 2 PTON @ 91.36,2,PTON,91.36,0.00,-182.72,,,,
09/27/2021,37618654028,Bought 1 SPCE @ 25.32,1,SPCE,25.32,0.00,-25.32,,,,
09/27/2021,37618691913,Bought 1 DKNG @ 50.9299,1,DKNG,50.9299,0.00,-50.93,,,,
09/29/2021,37680675950,Sold 1 MVIS Oct 8 2021 11.0 Put @ 0.47,1,MVIS Oct 8 2021 11.0 Put,0.47,0.65,46.34,0.01,,,
09/29/2021,37680675975,Bought 1 MVIS Oct 1 2021 11.5 Put @ 0.37,1,MVIS Oct 1 2021 11.5 Put,0.37,0.65,-37.66,0.01,,,
09/29/2021,37682950431,Bought 1 AAL Oct 1 2021 21.0 Put @ 0.22,1,AAL Oct 1 2021 21.0 Put,0.22,0.65,-22.66,0.01,,,
09/30/2021,37723262682,Sold 1 CLF Oct 15 2021 21.0 Put @ 1.55,1,CLF Oct 15 2021 21.0 Put,1.55,0.65,154.34,0.01,,,
09/30/2021,37723263052,Bought 1 CLF Oct 1 2021 21.5 Put @ 1.42,1,CLF Oct 1 2021 21.5 Put,1.42,0.65,-142.66,0.01,,,
09/30/2021,37723366941,Bought 1 CHPT Oct 1 2021 25.0 Call @ 0.01,1,CHPT Oct 1 2021 25.0 Call,0.01,0.00,-1.01,0.01,,,
09/30/2021,37724799412,Bought 10 MVIS @ 11.27,10,MVIS,11.27,0.00,-112.70,,,,
09/30/2021,37725465210,Bought 1 FUBO Oct 1 2021 29.0 Call @ 0.01,1,FUBO Oct 1 2021 29.0 Call,0.01,0.00,-1.01,0.01,,,
09/30/2021,37751263387,MARGIN INTEREST ADJUSTMENT,,,,,-0.05,,,,
10/01/2021,37780723141,Bought 2 CPNG Oct 15 2021 35.0 Call @ 0.05,2,CPNG Oct 15 2021 35.0 Call,0.05,0.00,-10.02,0.02,,,
10/01/2021,37781733181,Sold 1 FUBO Oct 8 2021 27.0 Call @ 0.13,1,FUBO Oct 8 2021 27.0 Call,0.13,0.65,12.34,0.01,,,
10/01/2021,37781827962,Sold 1 CHPT Oct 8 2021 24.0 Call @ 0.08,1,CHPT Oct 8 2021 24.0 Call,0.08,0.65,7.34,0.01,,,
10/01/2021,37789928382,Bought 10 MVIS @ 10.7999,10,MVIS,10.7999,0.00,-108.00,,,,
10/04/2021,37817897378,Sold 2 CPNG Oct 15 2021 30.0 Call @ 0.15,2,CPNG Oct 15 2021 30.0 Call,0.15,1.30,28.68,0.02,,,
10/05/2021,37854535003,Bought 1 CHPT Oct 8 2021 24.0 Call @ 0.01,1,CHPT Oct 8 2021 24.0 Call,0.01,0.00,-1.01,0.01,,,
10/06/2021,37878582908,Bought 1 CHPT Oct 8 2021 24.0 Call @ 0.01,1,CHPT Oct 8 2021 24.0 Call,0.01,0.00,-1.01,0.01,,,
10/06/2021,37878724518,Bought 5 MVIS @ 10.665,5,MVIS,10.665,0.00,-53.33,,,,
10/07/2021,37918587498,MISCELLANEOUS JOURNAL ENTRY,,,,,0.01,,,,
10/08/2021,37934616387,Bought 100 DKNG @ 59,100,DKNG,59.00,,-5900.00,,,,
10/08/2021,37934618223,REMOVAL OF OPTION DUE TO ASSIGNMENT (DKNG Oct 8 2021 59.0 Put),1,DKNG Oct 8 2021 59.0 Put,,,0.00,,,,
10/08/2021,37937287726,Sold 21 CHPT @ 18.9808,21,CHPT,18.9808,0.00,398.60,,,,
10/08/2021,37937297225,Bought 21 CHPT @ 18.9883,21,CHPT,18.9883,0.00,-398.75,,,,
10/08/2021,37937310985,Sold 21 DKNG @ 48.9001,21,DKNG,48.9001,0.00,1026.89,0.01,,,
10/08/2021,37937327820,Sold 1 SPCE @ 23.5507,1,SPCE,23.5507,0.00,23.55,,,,
10/08/2021,37937368467,Sold 1 MVIS Oct 15 2021 11.0 Put @ 1,1,MVIS Oct 15 2021 11.0 Put,1.00,0.65,99.34,0.01,,,
10/08/2021,37937368589,Bought 1 MVIS Oct 8 2021 11.0 Put @ 0.75,1,MVIS Oct 8 2021 11.0 Put,0.75,0.65,-75.66,0.01,,,
10/08/2021,37937794016,Sold 10 ATVI @ 77.64,10,ATVI,77.64,0.00,776.40,,,,
10/08/2021,37937830404,Sold 13 AAPL @ 143.3301,13,AAPL,143.3301,0.00,1863.28,0.01,,,
10/08/2021,37938174873,Sold 2 SHOP @ 1406.87,2,SHOP,1406.87,0.00,2813.73,0.01,,,
10/08/2021,37938358476,Bought 7 PTON @ 85.5886,7,PTON,85.5886,0.00,-599.12,,,,
10/08/2021,37938379379,Sold 7 PTON @ 85.6001,7,PTON,85.6001,0.00,599.20,,,,
10/08/2021,37938386932,Bought 45 MVIS @ 10.165,45,MVIS,10.165,0.00,-457.43,,,,
10/08/2021,37938424330,Bought 2 PTON @ 85.5399,2,PTON,85.5399,0.00,-171.08,,,,
10/08/2021,37939072302,CLIENT REQUESTED ELECTRONIC FUNDING DISBURSEMENT (FUNDS NOW),,,,,-30.00,,,,
10/08/2021,37939195467,Sold 1 MVIS Oct 22 2021 12.5 Call @ 0.2,1,MVIS Oct 22 2021 12.5 Call,0.20,0.65,19.34,0.01,,,
10/08/2021,37939411913,Sold 2 CHPT Oct 15 2021 22.0 Call @ 0.09,2,CHPT Oct 15 2021 22.0 Call,0.09,1.30,16.68,0.02,,,
10/08/2021,37940603780,Sold 1 DKNG Oct 15 2021 54.0 Call @ 0.19,1,DKNG Oct 15 2021 54.0 Call,0.19,0.65,18.34,0.01,,,
10/11/2021,37954445059,REMOVAL OF OPTION DUE TO EXPIRATION (0FUBO.J810027000),1,,,,0.00,,,,
10/11/2021,37956525661,Bought 1 BMBL Oct 15 2021 55.0 Put @ 6.55,1,BMBL Oct 15 2021 55.0 Put,6.55,0.65,-655.66,0.01,,,
10/11/2021,37956525910,Sold 1 BMBL Nov 19 2021 55.0 Put @ 8.25,1,BMBL Nov 19 2021 55.0 Put,8.25,0.65,824.34,0.01,,,
10/11/2021,37956944147,Bought 2 PTON @ 86.62,2,PTON,86.62,0.00,-173.24,,,,
10/11/2021,37959131635,Bought 1 MVIS Oct 15 2021 11.0 Put @ 1.3,1,MVIS Oct 15 2021 11.0 Put,1.30,0.65,-130.66,0.01,,,
10/11/2021,37959131650,Sold 1 MVIS Oct 29 2021 10.5 Put @ 1.32,1,MVIS Oct 29 2021 10.5 Put,1.32,0.65,131.34,0.01,,,
10/11/2021,37961385370,Sold 1 CLF Oct 22 2021 20.5 Put @ 0.57,1,CLF Oct 22 2021 20.5 Put,0.57,0.65,56.34,0.01,,,
10/11/2021,37961385434,Bought 1 CLF Oct 15 2021 21.0 Put @ 0.32,1,CLF Oct 15 2021 21.0 Put,0.32,0.65,-32.66,0.01,,,
10/12/2021,37981623686,Bought 2 CPNG Oct 15 2021 30.0 Call @ 0.05,2,CPNG Oct 15 2021 30.0 Call,0.05,0.00,-10.02,0.02,,,
10/14/2021,38027251625,Sold 1 FUBO Oct 22 2021 32.0 Call @ 0.19,1,FUBO Oct 22 2021 32.0 Call,0.19,0.65,18.34,0.01,,,
10/14/2021,38027509570,Sold 1 DKNG Oct 22 2021 44.0 Put @ 0.11,1,DKNG Oct 22 2021 44.0 Put,0.11,0.65,10.34,0.01,,,
10/14/2021,38027656930,Bought 1 PTON @ 87.905,1,PTON,87.905,0.00,-87.91,,,,
10/14/2021,38030137092,Bought 1 FUBO Oct 22 2021 32.0 Call @ 0.09,1,FUBO Oct 22 2021 32.0 Call,0.09,0.65,-9.66,0.01,,,
10/15/2021,38056220955,Sold 1 FUBO Oct 22 2021 32.0 Call @ 0.11,1,FUBO Oct 22 2021 32.0 Call,0.11,0.65,10.34,0.01,,,
10/18/2021,38075382241,REMOVAL OF OPTION DUE TO EXPIRATION (0DKNG.JF10054000),1,,,,0.00,,,,
10/18/2021,38076020337,REMOVAL OF OPTION DUE TO EXPIRATION (0CHPT.JF10022000),2,,,,0.00,,,,
10/18/2021,38084941023,Bought 1 MVIS Oct 22 2021 12.5 Call @ 0.05,1,MVIS Oct 22 2021 12.5 Call,0.05,0.00,-5.01,0.01,,,
10/18/2021,38085261012,Sold 1 DKNG Oct 22 2021 54.0 Call @ 0.21,1,DKNG Oct 22 2021 54.0 Call,0.21,0.65,20.34,0.01,,,
10/18/2021,38085334377,Sold 1 MVIS Oct 29 2021 11.0 Call @ 0.16,1,MVIS Oct 29 2021 11.0 Call,0.16,0.65,15.34,0.01,,,
10/18/2021,38085695420,Sold 1 CPNG Nov 19 2021 32.5 Call @ 0.28,1,CPNG Nov 19 2021 32.5 Call,0.28,0.65,27.34,0.01,,,
10/19/2021,38112990960,Bought 1 DKNG Oct 22 2021 54.0 Call @ 0.04,1,DKNG Oct 22 2021 54.0 Call,0.04,0.00,-4.01,0.01,,,
10/21/2021,38157316571,Sold 2 CHPT Oct 29 2021 27.0 Call @ 0.09,2,CHPT Oct 29 2021 27.0 Call,0.09,1.30,16.68,0.02,,,
10/21/2021,38157722540,Sold 1 DKNG Nov 5 2021 56.0 Call @ 0.39,1,DKNG Nov 5 2021 56.0 Call,0.39,0.65,38.34,0.01,,,
10/21/2021,38157752303,Bought 1 PTON @ 93.025,1,PTON,93.025,0.00,-93.03,,,,
10/21/2021,38157926859,Sold 1 CHPT Oct 29 2021 20.0 Put @ 0.15,1,CHPT Oct 29 2021 20.0 Put,0.15,0.65,14.34,0.01,,,
10/25/2021,38206260527,REMOVAL OF OPTION DUE TO EXPIRATION (0DKNG.VM10044000),1,,,,0.00,,,,
10/25/2021,38206260607,REMOVAL OF OPTION DUE TO EXPIRATION (0FUBO.JM10032000),1,,,,0.00,,,,
10/25/2021,38206336391,REMOVAL OF OPTION DUE TO EXPIRATION (0CLF..VM10020500),1,,,,0.00,,,,
10/25/2021,38215583177,Sold 1 FUBO Oct 29 2021 32.0 Call @ 0.17,1,FUBO Oct 29 2021 32.0 Call,0.17,0.65,16.34,0.01,,,
10/25/2021,38215934875,Sold 1 CRTX Nov 19 2021 15.0 Put @ 2.3,1,CRTX Nov 19 2021 15.0 Put,2.30,0.65,229.34,0.01,,,
10/25/2021,38216010237,Bought 2 PTON @ 96.5463,2,PTON,96.5463,0.00,-193.09,,,,
10/25/2021,38216063171,Sold 1 FUBO Oct 29 2021 27.0 Put @ 0.15,1,FUBO Oct 29 2021 27.0 Put,0.15,0.65,14.34,0.01,,,
10/26/2021,38244425575,Sold 1 MVIS Nov 5 2021 10.5 Put @ 1.62,1,MVIS Nov 5 2021 10.5 Put,1.62,0.65,161.34,0.01,,,
10/26/2021,38244426628,Bought 1 MVIS Oct 29 2021 10.5 Put @ 1.47,1,MVIS Oct 29 2021 10.5 Put,1.47,0.65,-147.66,0.01,,,
10/27/2021,38272601475,Bought 1 CRTX Nov 19 2021 15.0 Put @ 2.05,1,CRTX Nov 19 2021 15.0 Put,2.05,0.65,-205.66,0.01,,,
10/27/2021,38273479593,Sold 1 FUBO Nov 5 2021 26.0 Put @ 0.25,1,FUBO Nov 5 2021 26.0 Put,0.25,0.65,24.34,0.01,,,
10/28/2021,38305256413,Bought 2 CHPT Oct 29 2021 27.0 Call @ 0.01,2,CHPT Oct 29 2021 27.0 Call,0.01,0.00,-2.02,0.02,,,
10/28/2021,38307914169,Bought 1 CHPT Oct 29 2021 20.0 Put @ 0.01,1,CHPT Oct 29 2021 20.0 Put,0.01,0.00,-1.01,0.01,,,
10/29/2021,38342127088,CLIENT REQUESTED ELECTRONIC FUNDING RECEIPT (FUNDS NOW),,,,,48000.00,,,,
10/29/2021,38342329063,Sold 1 CLF Nov 5 2021 23.0 Put @ 0.21,1,CLF Nov 5 2021 23.0 Put,0.21,0.65,20.34,0.01,,,
10/29/2021,38342472787,Sold 2 CHPT Nov 5 2021 30.0 Call @ 0.14,2,CHPT Nov 5 2021 30.0 Call,0.14,1.30,26.68,0.02,,,
10/29/2021,38342518926,Bought 14 PTON @ 90.8374,14,PTON,90.8374,0.00,-1271.72,,,,
10/29/2021,38342591644,Sold 1 PTON Nov 5 2021 102.0 Call @ 1.05,1,PTON Nov 5 2021 102.0 Call,1.05,0.65,104.34,0.01,,,
10/29/2021,38342728961,Bought 1 PTON Nov 5 2021 102.0 Call @ 1.03,1,PTON Nov 5 2021 102.0 Call,1.03,0.65,-103.66,0.01,,,
10/29/2021,38342858332,Sold 1 PTON Nov 5 2021 104.0 Call @ 0.78,1,PTON Nov 5 2021 104.0 Call,0.78,0.65,77.34,0.01,,,
10/29/2021,38366585737,MARGIN INTEREST ADJUSTMENT,,,,,-1.53,,,,
10/29/2021,38347646139,Bought 1 FUBO Oct 29 2021 27.0 Put @ 0.01,1,FUBO Oct 29 2021 27.0 Put,0.01,0.00,-1.01,0.01,,,
10/29/2021,38347680179,Sold 1 CHPT Nov 5 2021 22.0 Put @ 0.14,1,CHPT Nov 5 2021 22.0 Put,0.14,0.65,13.34,0.01,,,
10/29/2021,38347773737,Sold 1 CPNG Nov 19 2021 25.0 Put @ 0.2,1,CPNG Nov 19 2021 25.0 Put,0.20,0.65,19.34,0.01,,,
10/29/2021,38347995241,Bought 1 FUBO Oct 29 2021 32.0 Call @ 0.01,1,FUBO Oct 29 2021 32.0 Call,0.01,0.00,-1.01,0.01,,,
10/29/2021,38348053319,Sold 1 FUBO Nov 5 2021 34.0 Call @ 0.13,1,FUBO Nov 5 2021 34.0 Call,0.13,0.65,12.34,0.01,,,
11/01/2021,38383407741,REMOVAL OF OPTION DUE TO EXPIRATION (0MVIS.JT10011000),1,,,,0.00,,,,
11/02/2021,38434947293,Sold 1 MVIS Nov 12 2021 10.5 Put @ 2.35,1,MVIS Nov 12 2021 10.5 Put,2.35,0.65,234.34,0.01,,,
11/02/2021,38434947440,Bought 1 MVIS Nov 5 2021 10.5 Put @ 2.3,1,MVIS Nov 5 2021 10.5 Put,2.30,0.65,-230.66,0.01,,,
11/02/2021,38436905255,Bought 1 FUBO Nov 5 2021 26.0 Put @ 0.02,1,FUBO Nov 5 2021 26.0 Put,0.02,0.00,-2.01,0.01,,,
11/02/2021,38437429094,Bought 1 FUBO Nov 5 2021 34.0 Call @ 0.44,1,FUBO Nov 5 2021 34.0 Call,0.44,0.65,-44.66,0.01,,,
11/02/2021,38437429209,Sold 1 FUBO Nov 12 2021 38.0 Call @ 0.93,1,FUBO Nov 12 2021 38.0 Call,0.93,0.65,92.34,0.01,,,
11/03/2021,38463677391,Sold 1 CLF Nov 12 2021 22.5 Put @ 0.63,1,CLF Nov 12 2021 22.5 Put,0.63,0.65,62.34,0.01,,,
11/03/2021,38463677541,Bought 1 CLF Nov 5 2021 23.0 Put @ 0.51,1,CLF Nov 5 2021 23.0 Put,0.51,0.65,-51.66,0.01,,,
11/03/2021,38467398284,Sold 1 FUBO Nov 12 2021 26.0 Put @ 0.29,1,FUBO Nov 12 2021 26.0 Put,0.29,0.65,28.34,0.01,,,
11/04/2021,38496109156,Sold 1 CHWY Nov 5 2021 75.0 Put @ 0.65,1,CHWY Nov 5 2021 75.0 Put,0.65,0.65,64.34,0.01,,,
11/04/2021,38496539999,Sold 1 AMD Nov 5 2021 134.0 Put @ 1.08,1,AMD Nov 5 2021 134.0 Put,1.08,0.65,107.34,0.01,,,
11/04/2021,38496608445,Bought 1 CHWY Nov 5 2021 75.0 Put @ 0.41,1,CHWY Nov 5 2021 75.0 Put,0.41,0.65,-41.66,0.01,,,
11/04/2021,38496880865,Sold 1 CHWY Nov 5 2021 76.0 Put @ 0.7,1,CHWY Nov 5 2021 76.0 Put,0.70,0.65,69.34,0.01,,,
11/04/2021,38497023238,Sold 1 PYPL Nov 12 2021 200.0 Put @ 0.77,1,PYPL Nov 12 2021 200.0 Put,0.77,0.65,76.34,0.01,,,
11/05/2021,38534926747,Bought 1 PTON Nov 5 2021 104.0 Call @ 0.01,1,PTON Nov 5 2021 104.0 Call,0.01,0.00,-1.01,0.01,,,
11/05/2021,38535087392,Bought 1 DKNG Nov 5 2021 56.0 Call @ 0.01,1,DKNG Nov 5 2021 56.0 Call,0.01,0.00,-1.01,0.01,,,
11/05/2021,38535133052,Bought 1 CHPT Nov 5 2021 22.0 Put @ 0.01,1,CHPT Nov 5 2021 22.0 Put,0.01,0.00,-1.01,0.01,,,
11/05/2021,38535363036,Sold 1 DKNG Nov 12 2021 51.0 Call @ 0.23,1,DKNG Nov 12 2021 51.0 Call,0.23,0.65,22.34,0.01,,,
11/05/2021,38535667158,Bought 2 CHPT Nov 5 2021 30.0 Call @ 0.01,2,CHPT Nov 5 2021 30.0 Call,0.01,0.00,-2.02,0.02,,,
11/05/2021,38535735348,Bought 1 AMD Nov 5 2021 134.0 Put @ 0.04,1,AMD Nov 5 2021 134.0 Put,0.04,0.00,-4.01,0.01,,,
11/05/2021,38535712298,Sold 1 PTON Nov 12 2021 72.0 Call @ 0.55,1,PTON Nov 12 2021 72.0 Call,0.55,0.65,54.34,0.01,,,
11/05/2021,38536060094,Sold 2 CHPT Nov 12 2021 30.0 Call @ 0.16,2,CHPT Nov 12 2021 30.0 Call,0.16,1.30,30.68,0.02,,,
11/05/2021,38536185900,Sold 1 AMD Nov 12 2021 131.0 Put @ 1.19,1,AMD Nov 12 2021 131.0 Put,1.19,0.65,118.34,0.01,,,
11/05/2021,38538273345,Sold 1 MVIS Nov 12 2021 11.0 Call @ 0.15,1,MVIS Nov 12 2021 11.0 Call,0.15,0.65,14.34,0.01,,,
11/08/2021,38560674664,Bought 100 CHWY @ 76,100,CHWY,76.00,,-7600.00,,,,
11/08/2021,38560772166,REMOVAL OF OPTION DUE TO ASSIGNMENT (0CHWY.W510076000),1,,,,0.00,,,,
11/08/2021,38568411614,Sold 1 CHWY Nov 12 2021 79.0 Call @ 0.9,1,CHWY Nov 12 2021 79.0 Call,0.90,0.65,89.34,0.01,,,
11/08/2021,38568776822,Bought 1 PTON Nov 12 2021 72.0 Call @ 0.09,1,PTON Nov 12 2021 72.0 Call,0.09,0.65,-9.66,0.01,,,
11/08/2021,38568891957,Sold 1 PTON Nov 12 2021 45.0 Put @ 0.33,1,PTON Nov 12 2021 45.0 Put,0.33,0.65,32.34,0.01,,,
11/08/2021,38570095755,Bought 6 ETSY @ 265.4099,6,ETSY,265.4099,0.00,-1592.46,,,,
11/08/2021,38571661802,Sold 1 PTON Nov 12 2021 58.0 Call @ 0.41,1,PTON Nov 12 2021 58.0 Call,0.41,0.65,40.34,0.01,,,
11/08/2021,38571698956,Sold 1 CPNG Dec 17 2021 40.0 Call @ 0.25,1,CPNG Dec 17 2021 40.0 Call,0.25,0.65,24.34,0.01,,,
11/08/2021,38571946903,Sold 1 MVIS Nov 19 2021 10.5 Put @ 1.55,1,MVIS Nov 19 2021 10.5 Put,1.55,0.65,154.34,0.01,,,
11/08/2021,38571947873,Bought 1 MVIS Nov 12 2021 10.5 Put @ 1.35,1,MVIS Nov 12 2021 10.5 Put,1.35,0.65,-135.66,0.01,,,
11/08/2021,38572219307,Bought 1 PYPL Nov 12 2021 200.0 Put @ 0.45,1,PYPL Nov 12 2021 200.0 Put,0.45,0.65,-45.66,0.01,,,
11/08/2021,38572496594,Bought 1 AMD Nov 12 2021 131.0 Put @ 0.27,1,AMD Nov 12 2021 131.0 Put,0.27,0.65,-27.66,0.01,,,
11/08/2021,38572496719,Sold 1 AMD Nov 19 2021 133.0 Put @ 1.16,1,AMD Nov 19 2021 133.0 Put,1.16,0.65,115.34,0.01,,,
11/09/2021,38602832310,Sold 1 PYPL Nov 12 2021 202.5 Put @ 3.7,1,PYPL Nov 12 2021 202.5 Put,3.70,0.65,369.34,0.01,,,
11/09/2021,38603025167,Bought 1 AMD Nov 19 2021 133.0 Put @ 1.03,1,AMD Nov 19 2021 133.0 Put,1.03,0.65,-103.66,0.01,,,
11/09/2021,38604360192,Sold 1 AMD Nov 12 2021 133.0 Put @ 0.29,1,AMD Nov 12 2021 133.0 Put,0.29,0.65,28.34,0.01,,,
11/10/2021,38632579733,Bought 1 FUBO Nov 12 2021 38.0 Call @ 0.07,1,FUBO Nov 12 2021 38.0 Call,0.07,0.65,-7.66,0.01,,,
11/10/2021,38633091037,Sold 1 FUBO Nov 12 2021 32.0 Call @ 0.24,1,FUBO Nov 12 2021 32.0 Call,0.24,0.65,23.34,0.01,,,
11/10/2021,38633250675,Bought 1 DKNG Nov 12 2021 51.0 Call @ 0.03,1,DKNG Nov 12 2021 51.0 Call,0.03,0.00,-3.01,0.01,,,
11/10/2021,38633616345,Sold 1 DKNG Nov 19 2021 49.0 Call @ 0.18,1,DKNG Nov 19 2021 49.0 Call,0.18,0.65,17.34,0.01,,,
11/10/2021,38640669768,Bought 1 FUBO Nov 12 2021 32.0 Call @ 0.08,1,FUBO Nov 12 2021 32.0 Call,0.08,0.65,-8.66,0.01,,,
11/10/2021,38640786319,Bought 1 PYPL Nov 12 2021 202.5 Put @ 1.88,1,PYPL Nov 12 2021 202.5 Put,1.88,0.65,-188.66,0.01,,,
11/11/2021,38661275167,Sold 1 FUBO Nov 19 2021 25.5 Put @ 1.15,1,FUBO Nov 19 2021 25.5 Put,1.15,0.65,114.34,0.01,,,
11/11/2021,38661275239,Bought 1 FUBO Nov 12 2021 26.0 Put @ 0.83,1,FUBO Nov 12 2021 26.0 Put,0.83,0.65,-83.66,0.01,,,
11/11/2021,38661858041,Sold 1 V Nov 12 2021 207.5 Put @ 0.42,1,V Nov 12 2021 207.5 Put,0.42,0.65,41.34,0.01,,,
11/11/2021,38663348428,Bought 1 MVIS Nov 12 2021 11.0 Call @ 0.02,1,MVIS Nov 12 2021 11.0 Call,0.02,0.00,-2.01,0.01,,,
11/12/2021,38691717470,Bought 1 CLF Nov 12 2021 22.5 Put @ 0.15,1,CLF Nov 12 2021 22.5 Put,0.15,0.65,-15.66,0.01,,,
11/12/2021,38692202312,Bought 1 PTON Nov 12 2021 58.0 Call @ 0.01,1,PTON Nov 12 2021 58.0 Call,0.01,0.00,-1.01,0.01,,,
11/12/2021,38692695274,Sold 1 PTON Nov 19 2021 56.0 Call @ 0.3,1,PTON Nov 19 2021 56.0 Call,0.30,0.65,29.34,0.01,,,
11/12/2021,38692880081,Sold 1 PTON Nov 19 2021 46.0 Put @ 0.65,1,PTON Nov 19 2021 46.0 Put,0.65,0.65,64.34,0.01,,,
11/12/2021,38694456669,Bought 1 PTON Nov 12 2021 45.0 Put @ 0.01,1,PTON Nov 12 2021 45.0 Put,0.01,0.00,-1.01,0.01,,,
11/12/2021,38694529101,Bought 2 CHPT Nov 12 2021 30.0 Call @ 0.01,2,CHPT Nov 12 2021 30.0 Call,0.01,0.00,-2.02,0.02,,,
11/12/2021,38694764059,Sold 2 CHPT Nov 19 2021 32.0 Call @ 0.24,2,CHPT Nov 19 2021 32.0 Call,0.24,1.30,46.68,0.02,,,
11/12/2021,38694789574,Bought 1 AMD Nov 12 2021 133.0 Put @ 0.01,1,AMD Nov 12 2021 133.0 Put,0.01,0.00,-1.01,0.01,,,
11/12/2021,38697133535,Bought 1 CPNG Nov 19 2021 32.5 Call @ 0.05,1,CPNG Nov 19 2021 32.5 Call,0.05,0.00,-5.01,0.01,,,
11/12/2021,38699236617,Bought 1 V Nov 12 2021 207.5 Put @ 0.01,1,V Nov 12 2021 207.5 Put,0.01,0.00,-1.01,0.01,,,
11/12/2021,38699958562,Bought 1 CHWY Nov 12 2021 79.0 Call @ 0.01,1,CHWY Nov 12 2021 79.0 Call,0.01,0.00,-1.01,0.01,,,
11/15/2021,38726868307,Sold 1 MVIS Nov 26 2021 11.0 Call @ 0.25,1,MVIS Nov 26 2021 11.0 Call,0.25,0.65,24.34,0.01,,,
11/15/2021,38727085556,Sold 1 CHWY Nov 19 2021 85.0 Call @ 0.3,1,CHWY Nov 19 2021 85.0 Call,0.30,0.65,29.34,0.01,,,
11/15/2021,38727511424,Sold 1 PYPL Nov 19 2021 207.5 Put @ 1.37,1,PYPL Nov 19 2021 207.5 Put,1.37,0.65,136.34,0.01,,,
11/15/2021,38727587867,Bought 1 FUBO Nov 19 2021 25.5 Put @ 1.11,1,FUBO Nov 19 2021 25.5 Put,1.11,0.65,-111.66,0.01,,,
11/15/2021,38727588012,Sold 1 FUBO Nov 26 2021 25.5 Put @ 1.47,1,FUBO Nov 26 2021 25.5 Put,1.47,0.65,146.34,0.01,,,
11/15/2021,38727811051,Sold 1 AMD Nov 19 2021 136.0 Put @ 0.24,1,AMD Nov 19 2021 136.0 Put,0.24,0.65,23.34,0.01,,,
11/15/2021,38728177447,Sold 1 MVIS Nov 26 2021 10.5 Put @ 1.53,1,MVIS Nov 26 2021 10.5 Put,1.53,0.65,152.34,0.01,,,
11/15/2021,38728178151,Bought 1 MVIS Nov 19 2021 10.5 Put @ 1.37,1,MVIS Nov 19 2021 10.5 Put,1.37,0.65,-137.66,0.01,,,
11/16/2021,38757729643,Bought 1 CPNG Nov 19 2021 25.0 Put @ 0.05,1,CPNG Nov 19 2021 25.0 Put,0.05,0.00,-5.01,0.01,,,
11/16/2021,38758649493,Sold 1 CPNG Dec 17 2021 35.0 Call @ 0.25,1,CPNG Dec 17 2021 35.0 Call,0.25,0.65,24.34,0.01,,,
11/16/2021,38758849964,Sold 1 NCLH Dec 10 2021 23.0 Put @ 0.83,1,NCLH Dec 10 2021 23.0 Put,0.83,0.65,82.34,0.01,,,
11/17/2021,38787285650,Bought 1 DKNG Nov 19 2021 49.0 Call @ 0.01,1,DKNG Nov 19 2021 49.0 Call,0.01,0.00,-1.01,0.01,,,
11/17/2021,38788994267,Sold 1 PYPL Nov 26 2021 205.0 Put @ 3.75,1,PYPL Nov 26 2021 205.0 Put,3.75,0.65,374.34,0.01,,,
11/17/2021,38788994285,Bought 1 PYPL Nov 19 2021 207.5 Put @ 3.53,1,PYPL Nov 19 2021 207.5 Put,3.53,0.65,-353.66,0.01,,,
11/17/2021,38790661818,Sold 1 DKNG Nov 26 2021 42.0 Call @ 0.24,1,DKNG Nov 26 2021 42.0 Call,0.24,0.65,23.34,0.01,,,
11/17/2021,38790732991,Sold 1 FUBO Nov 26 2021 27.0 Call @ 0.19,1,FUBO Nov 26 2021 27.0 Call,0.19,0.65,18.34,0.01,,,
11/18/2021,38814659476,Bought 2 CHPT Nov 19 2021 32.0 Call @ 0.01,2,CHPT Nov 19 2021 32.0 Call,0.01,0.00,-2.02,0.02,,,
11/18/2021,38816413343,Sold 2 CHPT Nov 26 2021 31.0 Call @ 0.23,2,CHPT Nov 26 2021 31.0 Call,0.23,1.30,44.68,0.02,,,
11/19/2021,38843890801,Bought 1 AMD Nov 19 2021 136.0 Put @ 0.01,1,AMD Nov 19 2021 136.0 Put,0.01,0.00,-1.01,0.01,,,
11/19/2021,38846505581,Bought 1 PTON Nov 19 2021 56.0 Call @ 0.01,1,PTON Nov 19 2021 56.0 Call,0.01,0.00,-1.01,0.01,,,
11/19/2021,38847910483,Bought 1 MVIS Nov 26 2021 11.0 Call @ 0.05,1,MVIS Nov 26 2021 11.0 Call,0.05,0.00,-5.01,0.01,,,
11/19/2021,38848635046,Bought 1 CHWY Nov 19 2021 85.0 Call @ 0.01,1,CHWY Nov 19 2021 85.0 Call,0.01,0.00,-1.01,0.01,,,
11/19/2021,38848706140,Sold 1 PTON Nov 26 2021 54.5 Call @ 0.26,1,PTON Nov 26 2021 54.5 Call,0.26,0.65,25.34,0.01,,,
11/19/2021,38848805717,Sold 1 CHWY Nov 26 2021 84.0 Call @ 0.41,1,CHWY Nov 26 2021 84.0 Call,0.41,0.65,40.34,0.01,,,
11/19/2021,38849574769,Sold 1 PTON Nov 26 2021 43.0 Put @ 0.2,1,PTON Nov 26 2021 43.0 Put,0.20,0.65,19.34,0.01,,,
11/22/2021,38867754106,Bought 100 BMBL @ 55,100,BMBL,55.00,,-5500.00,,,,
11/22/2021,38868209412,REMOVAL OF OPTION DUE TO ASSIGNMENT (0BMBL.WJ10055000),1,,,,0.00,,,,
11/22/2021,38869226598,REMOVAL OF OPTION DUE TO EXPIRATION (0PTON.WJ10046000),1,,,,0.00,,,,
11/22/2021,38876497174,Bought 1 CPNG Dec 17 2021 40.0 Call @ 0.05,1,CPNG Dec 17 2021 40.0 Call,0.05,0.00,-5.01,0.01,,,
11/22/2021,38876499442,Bought 1 PTON Nov 26 2021 43.0 Put @ 0.64,1,PTON Nov 26 2021 43.0 Put,0.64,0.65,-64.66,0.01,,,
11/22/2021,38876499828,Sold 1 PTON Dec 3 2021 42.0 Put @ 1.03,1,PTON Dec 3 2021 42.0 Put,1.03,0.65,102.34,0.01,,,
11/22/2021,38877033518,Sold 1 PYPL Dec 17 2021 202.5 Put @ 15.63,1,PYPL Dec 17 2021 202.5 Put,15.63,0.65,1562.33,0.02,,,
11/22/2021,38877033741,Bought 1 PYPL Nov 26 2021 205.0 Put @ 15.73,1,PYPL Nov 26 2021 205.0 Put,15.73,0.65,-1573.66,0.01,,,
11/22/2021,38881109545,Sold 1 BMBL Jan 21 2022 55.0 Call @ 0.3,1,BMBL Jan 21 2022 55.0 Call,0.30,0.65,29.34,0.01,,,
11/23/2021,38909992062,Bought 1 FUBO Nov 26 2021 27.0 Call @ 0.01,1,FUBO Nov 26 2021 27.0 Call,0.01,0.00,-1.01,0.01,,,
11/23/2021,38910213871,Bought 1 CHWY Nov 26 2021 84.0 Call @ 0.01,1,CHWY Nov 26 2021 84.0 Call,0.01,0.00,-1.01,0.01,,,
11/23/2021,38911999469,Sold 1 CHWY Nov 26 2021 68.0 Call @ 0.2,1,CHWY Nov 26 2021 68.0 Call,0.20,0.65,19.34,0.01,,,
11/24/2021,38935642315,Sold 1 CPNG Dec 17 2021 33.0 Call @ 0.15,1,CPNG Dec 17 2021 33.0 Call,0.15,0.65,14.34,0.01,,,
11/24/2021,38936186773,Bought 1 MVIS Nov 26 2021 10.5 Put @ 3,1,MVIS Nov 26 2021 10.5 Put,3.00,0.65,-300.66,0.01,,,
11/24/2021,38936330372,Sold 1 MVIS Nov 26 2021 10.5 Put @ 3.1,1,MVIS Nov 26 2021 10.5 Put,3.10,0.65,309.34,0.01,,,
11/24/2021,38936541421,Bought 1 MVIS Nov 26 2021 10.5 Put @ 3,1,MVIS Nov 26 2021 10.5 Put,3.00,0.65,-300.66,0.01,,,
11/24/2021,38936902963,Sold 1 MVIS Dec 3 2021 10.5 Put @ 3,1,MVIS Dec 3 2021 10.5 Put,3.00,0.65,299.34,0.01,,,
11/24/2021,38937095515,Sold 1 MVIS Dec 17 2021 11.0 Call @ 0.15,1,MVIS Dec 17 2021 11.0 Call,0.15,0.65,14.34,0.01,,,
11/24/2021,38937188341,Sold 1 MTCH Dec 3 2021 122.0 Put @ 0.43,1,MTCH Dec 3 2021 122.0 Put,0.43,0.65,42.34,0.01,,,
11/24/2021,38937296013,Bought 2 CHPT Nov 26 2021 31.0 Call @ 0.02,2,CHPT Nov 26 2021 31.0 Call,0.02,0.00,-4.02,0.02,,,
11/24/2021,38937342333,Sold 2 CHPT Dec 10 2021 32.0 Call @ 0.55,2,CHPT Dec 10 2021 32.0 Call,0.55,1.30,108.68,0.02,,,
11/24/2021,38937680024,Sold 1 CHWY Dec 3 2021 72.0 Call @ 0.75,1,CHWY Dec 3 2021 72.0 Call,0.75,0.65,74.34,0.01,,,
11/24/2021,38937680045,Bought 1 CHWY Nov 26 2021 68.0 Call @ 0.45,1,CHWY Nov 26 2021 68.0 Call,0.45,0.65,-45.66,0.01,,,
11/26/2021,38960490650,Sold 1 FUBO Nov 26 2021 25.5 Put @ 4.25,1,FUBO Nov 26 2021 25.5 Put,4.25,0.65,424.34,0.01,,,
11/26/2021,38960544342,Bought 2 FUBO Nov 26 2021 25.5 Put @ 4.25,2,FUBO Nov 26 2021 25.5 Put,4.25,1.30,-851.32,0.02,,,
11/26/2021,38960690250,Bought 1 DKNG Nov 26 2021 42.0 Call @ 0.01,1,DKNG Nov 26 2021 42.0 Call,0.01,0.00,-1.01,0.01,,,
11/26/2021,38960759740,Bought 1 PTON Nov 26 2021 54.5 Call @ 0.01,1,PTON Nov 26 2021 54.5 Call,0.01,0.00,-1.01,0.01,,,
11/26/2021,38960936473,Sold 1 PTON Dec 3 2021 55.0 Call @ 0.3,1,PTON Dec 3 2021 55.0 Call,0.30,0.65,29.34,0.01,,,
11/26/2021,38961091784,Sold 1 FUBO Dec 3 2021 25.5 Put @ 4.5,1,FUBO Dec 3 2021 25.5 Put,4.50,0.65,449.34,0.01,,,
11/26/2021,38961131653,Sold 1 DKNG Dec 3 2021 41.0 Call @ 0.2,1,DKNG Dec 3 2021 41.0 Call,0.20,0.65,19.34,0.01,,,
11/30/2021,39015273255,Sold 1 FUBO Dec 10 2021 25.5 Put @ 4.82,1,FUBO Dec 10 2021 25.5 Put,4.82,0.65,481.34,0.01,,,
11/30/2021,39015274349,Bought 1 FUBO Dec 3 2021 25.5 Put @ 4.72,1,FUBO Dec 3 2021 25.5 Put,4.72,0.65,-472.66,0.01,,,
11/30/2021,39016228396,Sold 1 MVIS Dec 3 2021 10.5 Put @ 2.95,1,MVIS Dec 3 2021 10.5 Put,2.95,0.65,294.34,0.01,,,
11/30/2021,39017965599,Bought 1 PTON Dec 3 2021 42.0 Put @ 0.98,1,PTON Dec 3 2021 42.0 Put,0.98,0.65,-98.66,0.01,,,
11/30/2021,39018050707,Sold 1 PTON Dec 10 2021 39.0 Put @ 0.7,1,PTON Dec 10 2021 39.0 Put,0.70,0.65,69.34,0.01,,,
11/30/2021,39018732447,Bought 1 NCLH Dec 10 2021 23.0 Put @ 3.64,1,NCLH Dec 10 2021 23.0 Put,3.64,0.65,-364.66,0.01,,,
11/30/2021,39043085854,FREE BALANCE INTEREST ADJUSTMENT,,,,,0.31,,,,
12/01/2021,39075919242,Sold 2 CHPT Dec 3 2021 23.0 Put @ 0.07,2,CHPT Dec 3 2021 23.0 Put,0.07,1.30,12.68,0.02,,,
12/01/2021,39078323085,Bought 1 CPNG Dec 17 2021 35.0 Call @ 0.05,1,CPNG Dec 17 2021 35.0 Call,0.05,0.00,-5.01,0.01,,,
12/02/2021,39113342610,Sold 2 CHPT Dec 10 2021 21.0 Put @ 0.39,2,CHPT Dec 10 2021 21.0 Put,0.39,1.30,76.68,0.02,,,
12/02/2021,39113344420,Bought 2 CHPT Dec 3 2021 23.0 Put @ 0.3,2,CHPT Dec 3 2021 23.0 Put,0.30,1.30,-61.32,0.02,,,
12/03/2021,39142305700,Bought 1 DKNG Dec 3 2021 41.0 Call @ 0.01,1,DKNG Dec 3 2021 41.0 Call,0.01,0.00,-1.01,0.01,,,
12/03/2021,39142385756,Bought 1 CHWY Dec 3 2021 72.0 Call @ 0.01,1,CHWY Dec 3 2021 72.0 Call,0.01,0.00,-1.01,0.01,,,
12/03/2021,39142467461,Bought 1 PTON Dec 3 2021 55.0 Call @ 0.01,1,PTON Dec 3 2021 55.0 Call,0.01,0.00,-1.01,0.01,,,
12/03/2021,39142492697,Bought 2 MVIS Dec 3 2021 10.5 Put @ 4.1,2,MVIS Dec 3 2021 10.5 Put,4.10,1.30,-821.32,0.02,,,
12/03/2021,39142493000,Sold 2 MVIS Dec 17 2021 10.5 Put @ 4.15,2,MVIS Dec 17 2021 10.5 Put,4.15,1.30,828.68,0.02,,,
12/03/2021,39143137491,Sold 1 MTCH Dec 17 2021 110.0 Put @ 1.39,1,MTCH Dec 17 2021 110.0 Put,1.39,0.65,138.34,0.01,,,
12/03/2021,39143137748,Bought 1 MTCH Dec 3 2021 122.0 Put @ 0.89,1,MTCH Dec 3 2021 122.0 Put,0.89,0.65,-89.66,0.01,,,
12/03/2021,39143643798,Sold 1 PTON Dec 10 2021 50.5 Call @ 0.25,1,PTON Dec 10 2021 50.5 Call,0.25,0.65,24.34,0.01,,,
12/03/2021,39143692811,Sold 1 CHWY Dec 10 2021 74.0 Call @ 1,1,CHWY Dec 10 2021 74.0 Call,1.00,0.65,99.34,0.01,,,
12/03/2021,39143766875,Sold 1 DKNG Dec 10 2021 35.0 Call @ 0.15,1,DKNG Dec 10 2021 35.0 Call,0.15,0.65,14.34,0.01,,,
12/03/2021,39143851813,Sold 1 FUBO Dec 10 2021 20.5 Call @ 0.13,1,FUBO Dec 10 2021 20.5 Call,0.13,0.65,12.34,0.01,,,
12/03/2021,39144093276,Bought 2 CHPT Dec 10 2021 32.0 Call @ 0.08,2,CHPT Dec 10 2021 32.0 Call,0.08,1.30,-17.32,0.02,,,
12/03/2021,39144116659,Sold 2 CHPT Dec 10 2021 26.0 Call @ 0.28,2,CHPT Dec 10 2021 26.0 Call,0.28,1.30,54.68,0.02,,,
12/06/2021,39175827556,Bought 1 MVIS Dec 17 2021 11.0 Call @ 0.05,1,MVIS Dec 17 2021 11.0 Call,0.05,0.00,-5.01,0.01,,,
12/06/2021,39176675625,Bought 1 CPNG Dec 17 2021 33.0 Call @ 0.05,1,CPNG Dec 17 2021 33.0 Call,0.05,0.00,-5.01,0.01,,,
12/06/2021,39176872009,Sold 2 CPNG Dec 17 2021 30.5 Call @ 0.15,2,CPNG Dec 17 2021 30.5 Call,0.15,1.30,28.68,0.02,,,
12/06/2021,39177169828,Sold 2 CHPT Dec 23 2021 20.0 Put @ 1.55,2,CHPT Dec 23 2021 20.0 Put,1.55,1.30,308.68,0.02,,,
12/06/2021,39177170084,Bought 2 CHPT Dec 10 2021 21.0 Put @ 1.55,2,CHPT Dec 10 2021 21.0 Put,1.55,1.30,-311.32,0.02,,,
12/07/2021,39210763752,CLIENT REQUESTED ELECTRONIC FUNDING DISBURSEMENT (FUNDS NOW),,,,,-2000.00,,,,
12/08/2021,39252385215,Sold 1 CHWY Dec 17 2021 35.0 Put @ 0.44,1,CHWY Dec 17 2021 35.0 Put,0.44,0.65,43.34,0.01,,,
12/08/2021,39252412917,Bought 1 FUBO Dec 10 2021 20.5 Call @ 0.22,1,FUBO Dec 10 2021 20.5 Call,0.22,0.65,-22.66,0.01,,,
12/08/2021,39252413015,Sold 1 FUBO Dec 17 2021 22.0 Call @ 0.35,1,FUBO Dec 17 2021 22.0 Call,0.35,0.65,34.34,0.01,,,
12/10/2021,39310945257,Bought 1 CHWY Dec 10 2021 74.0 Call @ 0.01,1,CHWY Dec 10 2021 74.0 Call,0.01,0.00,-1.01,0.01,,,
12/10/2021,39311081431,Bought 2 CHPT Dec 10 2021 26.0 Call @ 0.01,2,CHPT Dec 10 2021 26.0 Call,0.01,0.00,-2.02,0.02,,,
12/10/2021,39311150669,Bought 1 PTON Dec 10 2021 50.5 Call @ 0.01,1,PTON Dec 10 2021 50.5 Call,0.01,0.00,-1.01,0.01,,,
12/10/2021,39311448656,Sold 2 CHPT Dec 17 2021 24.0 Call @ 0.12,2,CHPT Dec 17 2021 24.0 Call,0.12,1.30,22.68,0.02,,,
12/10/2021,39311521573,Sold 1 CHWY Dec 17 2021 61.0 Call @ 0.28,1,CHWY Dec 17 2021 61.0 Call,0.28,0.65,27.34,0.01,,,
12/10/2021,39311576898,Sold 1 PTON Dec 17 2021 46.0 Call @ 0.31,1,PTON Dec 17 2021 46.0 Call,0.31,0.65,30.34,0.01,,,
12/10/2021,39311927900,Sold 1 MVIS Dec 31 2021 10.0 Call @ 0.1,1,MVIS Dec 31 2021 10.0 Call,0.10,0.65,9.34,0.01,,,
12/10/2021,39312518240,Sold 1 PTON Dec 17 2021 37.5 Put @ 1.38,1,PTON Dec 17 2021 37.5 Put,1.38,0.65,137.34,0.01,,,
12/10/2021,39312518424,Bought 1 PTON Dec 10 2021 39.0 Put @ 0.79,1,PTON Dec 10 2021 39.0 Put,0.79,0.65,-79.66,0.01,,,
12/10/2021,39312626992,Bought 1 PYPL Dec 17 2021 202.5 Put @ 15.35,1,PYPL Dec 17 2021 202.5 Put,15.35,0.65,-1535.66,0.01,,,
12/10/2021,39312627127,Sold 1 PYPL Dec 23 2021 202.5 Put @ 15.75,1,PYPL Dec 23 2021 202.5 Put,15.75,0.65,1574.33,0.02,,,
12/10/2021,39314331350,Bought 1 DKNG Dec 10 2021 35.0 Call @ 0.01,1,DKNG Dec 10 2021 35.0 Call,0.01,0.00,-1.01,0.01,,,
12/13/2021,39331919049,Bought 100 FUBO @ 25.5,100,FUBO,25.50,,-2550.00,,,,
12/13/2021,39332032911,REMOVAL OF OPTION DUE TO ASSIGNMENT (0FUBO.XA10025500),1,,,,0.00,,,,
12/14/2021,39372152847,Sold 1 FUBO Dec 23 2021 20.0 Call @ 0.18,1,FUBO Dec 23 2021 20.0 Call,0.18,0.65,17.34,0.01,,,
12/14/2021,39372573243,Bought 1 CHWY Dec 17 2021 35.0 Put @ 0.01,1,CHWY Dec 17 2021 35.0 Put,0.01,0.00,-1.01,0.01,,,
12/14/2021,39372717580,Sold 1 DKNG Dec 23 2021 34.0 Call @ 0.18,1,DKNG Dec 23 2021 34.0 Call,0.18,0.65,17.34,0.01,,,
12/14/2021,39372683547,Bought 2 CPNG Dec 17 2021 30.5 Call @ 0.05,2,CPNG Dec 17 2021 30.5 Call,0.05,0.00,-10.02,0.02,,,
12/14/2021,39372881726,Sold 2 CPNG Dec 31 2021 31.0 Call @ 0.2,2,CPNG Dec 31 2021 31.0 Call,0.20,1.30,38.68,0.02,,,
12/15/2021,39403990675,Bought 1 PTON Dec 17 2021 37.5 Put @ 1.21,1,PTON Dec 17 2021 37.5 Put,1.21,0.65,-121.66,0.01,,,
12/15/2021,39403991303,Sold 1 PTON Dec 23 2021 36.5 Put @ 1.49,1,PTON Dec 23 2021 36.5 Put,1.49,0.65,148.34,0.01,,,
12/17/2021,39485331062,Bought 2 CHPT Dec 17 2021 24.0 Call @ 0.01,2,CHPT Dec 17 2021 24.0 Call,0.01,0.00,-2.02,0.02,,,
12/17/2021,39485401650,Bought 1 MTCH Dec 17 2021 110.0 Put @ 0.01,1,MTCH Dec 17 2021 110.0 Put,0.01,0.00,-1.01,0.01,,,
12/17/2021,39485461002,Bought 1 FUBO Dec 17 2021 22.0 Call @ 0.01,1,FUBO Dec 17 2021 22.0 Call,0.01,0.00,-1.01,0.01,,,
12/17/2021,39485546258,Sold 1 FUBO Dec 23 2021 18.0 Call @ 0.22,1,FUBO Dec 23 2021 18.0 Call,0.22,0.65,21.34,0.01,,,
12/17/2021,39485976867,Sold 2 CHPT Dec 23 2021 21.0 Call @ 0.17,2,CHPT Dec 23 2021 21.0 Call,0.17,1.30,32.68,0.02,,,
12/17/2021,39486200201,Bought 1 CHWY Dec 17 2021 61.0 Call @ 0.02,1,CHWY Dec 17 2021 61.0 Call,0.02,0.00,-2.01,0.01,,,
12/17/2021,39486262396,Sold 1 CHWY Dec 23 2021 60.0 Call @ 0.23,1,CHWY Dec 23 2021 60.0 Call,0.23,0.65,22.34,0.01,,,
12/17/2021,39487706337,Bought 1 PTON Dec 17 2021 46.0 Call @ 0.03,1,PTON Dec 17 2021 46.0 Call,0.03,0.00,-3.01,0.01,,,
12/17/2021,39487883979,Sold 1 PTON Dec 23 2021 49.0 Call @ 0.24,1,PTON Dec 23 2021 49.0 Call,0.24,0.65,23.34,0.01,,,
12/20/2021,39509930167,Bought 200 MVIS @ 10.5,200,MVIS,10.50,,-2100.00,,,,
12/20/2021,39510203577,REMOVAL OF OPTION DUE TO ASSIGNMENT (0MVIS.XH10010500),2,,,,0.00,,,,
12/20/2021,39525877130,Sold 1 SCHW Dec 23 2021 74.0 Put @ 0.17,1,SCHW Dec 23 2021 74.0 Put,0.17,0.65,16.34,0.01,,,
12/21/2021,39557088505,Sold 2 CHPT Jan 7 2022 19.5 Put @ 1.87,2,CHPT Jan 7 2022 19.5 Put,1.87,1.30,372.68,0.02,,,
12/21/2021,39557088539,Bought 2 CHPT Dec 23 2021 20.0 Put @ 1.77,2,CHPT Dec 23 2021 20.0 Put,1.77,1.30,-355.32,0.02,,,
12/22/2021,39587928637,Bought 1 SCHW Dec 23 2021 74.0 Put @ 0.01,1,SCHW Dec 23 2021 74.0 Put,0.01,0.00,-1.01,0.01,,,
12/22/2021,39589020349,Bought 1 PTON Dec 23 2021 49.0 Call @ 0.01,1,PTON Dec 23 2021 49.0 Call,0.01,0.00,-1.01,0.01,,,
12/22/2021,39589369197,Sold 1 PTON Dec 31 2021 44.0 Call @ 0.29,1,PTON Dec 31 2021 44.0 Call,0.29,0.65,28.34,0.01,,,
12/22/2021,39589922214,Sold 1 SCHW Dec 31 2021 78.0 Put @ 0.2,1,SCHW Dec 31 2021 78.0 Put,0.20,0.65,19.34,0.01,,,
12/22/2021,39591184285,Bought 1 CHWY Dec 23 2021 60.0 Call @ 0.02,1,CHWY Dec 23 2021 60.0 Call,0.02,0.00,-2.01,0.01,,,
12/22/2021,39591216755,Sold 1 CHWY Dec 31 2021 59.0 Call @ 0.31,1,CHWY Dec 31 2021 59.0 Call,0.31,0.65,30.34,0.01,,,
12/22/2021,39595142473,Bought 2 CHPT Dec 23 2021 21.0 Call @ 0.01,2,CHPT Dec 23 2021 21.0 Call,0.01,0.00,-2.02,0.02,,,
12/23/2021,39627491009,Bought 1 DKNG Dec 23 2021 34.0 Call @ 0.01,1,DKNG Dec 23 2021 34.0 Call,0.01,0.00,-1.01,0.01,,,
12/23/2021,39627475589,Bought 1 FUBO Dec 23 2021 20.0 Call @ 0.01,1,FUBO Dec 23 2021 20.0 Call,0.01,0.00,-1.01,0.01,,,
12/23/2021,39633915251,Sold 1 DKNG Dec 31 2021 33.0 Call @ 0.22,1,DKNG Dec 31 2021 33.0 Call,0.22,0.65,21.34,0.01,,,
12/23/2021,39635948623,Sold 1 FUBO Jan 21 2022 25.0 Call @ 0.35,1,FUBO Jan 21 2022 25.0 Call,0.35,0.65,34.34,0.01,,,
12/23/2021,39636119793,Bought 1 PTON Dec 23 2021 36.5 Put @ 0.02,1,PTON Dec 23 2021 36.5 Put,0.02,0.00,-2.01,0.01,,,
12/23/2021,39636225636,Sold 1 CHWY Dec 31 2021 64.0 Put @ 5.05,1,CHWY Dec 31 2021 64.0 Put,5.05,0.65,504.34,0.01,,,
12/23/2021,39636327875,Sold 2 CHPT Dec 31 2021 21.0 Call @ 0.09,2,CHPT Dec 31 2021 21.0 Call,0.09,1.30,16.68,0.02,,,
12/23/2021,39637254160,Bought 1 FUBO Dec 23 2021 18.0 Call @ 0.01,1,FUBO Dec 23 2021 18.0 Call,0.01,0.00,-1.01,0.01,,,
12/23/2021,39637278679,Sold 1 FUBO Dec 31 2021 22.0 Call @ 0.1,1,FUBO Dec 31 2021 22.0 Call,0.10,0.65,9.34,0.01,,,
12/27/2021,39649602573,Bought 100 PYPL @ 202.5,100,PYPL,202.50,,-20250.00,,,,
12/27/2021,39649642576,REMOVAL OF OPTION DUE TO ASSIGNMENT (0PYPL.XN10202500),1,,,,0.00,,,,
12/27/2021,39663348669,Sold 1 PYPL Dec 31 2021 197.5 Call @ 1.15,1,PYPL Dec 31 2021 197.5 Call,1.15,0.65,114.34,0.01,,,
12/27/2021,39663491416,Sold 1 PTON Dec 31 2021 34.0 Put @ 0.27,1,PTON Dec 31 2021 34.0 Put,0.27,0.65,26.34,0.01,,,
12/27/2021,39663580755,Sold 1 RBLX Dec 31 2021 96.0 Put @ 0.36,1,RBLX Dec 31 2021 96.0 Put,0.36,0.65,35.34,0.01,,,
12/28/2021,39692595856,Bought 1 SCHW Dec 31 2021 78.0 Put @ 0.01,1,SCHW Dec 31 2021 78.0 Put,0.01,0.00,-1.01,0.01,,,
12/28/2021,39692656049,Sold 1 SCHW Jan 7 2022 81.0 Put @ 0.3,1,SCHW Jan 7 2022 81.0 Put,0.30,0.65,29.34,0.01,,,
12/29/2021,39720306042,Bought 2 CHPT Dec 31 2021 21.0 Call @ 0.01,2,CHPT Dec 31 2021 21.0 Call,0.01,0.00,-2.02,0.02,,,
12/29/2021,39720329682,Bought 2 CPNG Dec 31 2021 31.0 Call @ 0.05,2,CPNG Dec 31 2021 31.0 Call,0.05,0.00,-10.02,0.02,,,
12/29/2021,39720343680,Bought 1 BMBL Jan 21 2022 55.0 Call @ 0.05,1,BMBL Jan 21 2022 55.0 Call,0.05,0.00,-5.01,0.01,,,
12/29/2021,39720447944,Bought 1 RBLX Dec 31 2021 96.0 Put @ 2.82,1,RBLX Dec 31 2021 96.0 Put,2.82,0.65,-282.66,0.01,,,
12/29/2021,39720448058,Sold 1 RBLX Jan 7 2022 91.0 Put @ 2.77,1,RBLX Jan 7 2022 91.0 Put,2.77,0.65,276.34,0.01,,,
12/29/2021,39720567083,Sold 2 CHPT Jan 7 2022 20.5 Call @ 0.11,2,CHPT Jan 7 2022 20.5 Call,0.11,1.30,20.68,0.02,,,
12/29/2021,39720648926,Sold 2 CPNG Jan 7 2022 32.0 Call @ 0.15,2,CPNG Jan 7 2022 32.0 Call,0.15,1.30,28.68,0.02,,,
12/29/2021,39720684434,Sold 1 BMBL Feb 18 2022 50.0 Call @ 0.2,1,BMBL Feb 18 2022 50.0 Call,0.20,0.65,19.34,0.01,,,
12/29/2021,39722240872,Bought 1 PTON Dec 31 2021 44.0 Call @ 0.02,1,PTON Dec 31 2021 44.0 Call,0.02,0.00,-2.01,0.01,,,
12/29/2021,39722247664,Sold 1 PTON Jan 7 2022 41.0 Call @ 0.32,1,PTON Jan 7 2022 41.0 Call,0.32,0.65,31.34,0.01,,,
12/29/2021,39722982470,Bought 1 FUBO Dec 31 2021 22.0 Call @ 0.02,1,FUBO Dec 31 2021 22.0 Call,0.02,0.00,-2.01,0.01,,,
12/29/2021,39723022648,Sold 1 FUBO Jan 7 2022 18.0 Call @ 0.18,1,FUBO Jan 7 2022 18.0 Call,0.18,0.65,17.34,0.01,,,
12/29/2021,39723415992,Sold 20 ETSY @ 219.65,20,ETSY,219.65,0.00,4392.98,0.02,,,
12/29/2021,39725558441,Bought 1 DKNG Dec 31 2021 33.0 Call @ 0.02,1,DKNG Dec 31 2021 33.0 Call,0.02,0.00,-2.01,0.01,,,
12/30/2021,39750040020,REMOVAL OF OPTION DUE TO ASSIGNMENT (CHWY Dec 31 2021 64.0 Put),1,CHWY Dec 31 2021 64.0 Put,,,0.00,,,,
12/30/2021,39750021194,Bought 100 CHWY @ 64,100,CHWY,64.00,,-6400.00,,,,
12/30/2021,39760061786,Sold 1 CHWY Jan 7 2022 64.0 Call @ 0.52,1,CHWY Jan 7 2022 64.0 Call,0.52,0.65,51.34,0.01,,,
12/31/2021,39791237508,Sold 1 DKNG Jan 7 2022 33.0 Call @ 0.18,1,DKNG Jan 7 2022 33.0 Call,0.18,0.65,17.34,0.01,,,
12/31/2021,39791519679,Bought 1 PYPL Dec 31 2021 197.5 Call @ 0.07,1,PYPL Dec 31 2021 197.5 Call,0.07,0.65,-7.66,0.01,,,
12/31/2021,39791637905,Sold 1 PYPL Jan 7 2022 197.5 Call @ 1.27,1,PYPL Jan 7 2022 197.5 Call,1.27,0.65,126.34,0.01,,,
12/31/2021,39791817218,Sold 1 PTON Jan 7 2022 30.0 Put @ 0.19,1,PTON Jan 7 2022 30.0 Put,0.19,0.65,18.34,0.01,,,
12/31/2021,39799058414,Bought 1 PTON Dec 31 2021 34.0 Put @ 0.01,1,PTON Dec 31 2021 34.0 Put,0.01,0.00,-1.01,0.01,,,
12/31/2021,39799499358,Bought 1 CHWY Dec 31 2021 59.0 Call @ 0.07,1,CHWY Dec 31 2021 59.0 Call,0.07,0.65,-7.66,0.01,,,
12/31/2021,39799512711,Sold 1 CHWY Jan 7 2022 60.0 Call @ 1.24,1,CHWY Jan 7 2022 60.0 Call,1.24,0.65,123.34,0.01,,,
12/31/2021,39818004867,FREE BALANCE INTEREST ADJUSTMENT,,,,,0.25,,,,
***END OF FILE***
