,DATE,TRANSACTION ID,DESCRIPTION,QUANTITY,SYMBOL,PRICE,COMMISSION,AMOUNT,REG FEE,SHORT-TERM RDM FEE,FUND REDEMPTION FEE, DEFERRED SALES CHARGE,NUMBER
0,01/03/2022,39830791567.0,REMOVAL OF OPTION DUE TO EXPIRATION (0MVIS.LV10010000),1.0,,,,0.0,,,,,0
1,01/04/2022,39884943060.0,Bought 2 CHPT Jan 7 2022 19.5 Put @ 0.73,2.0,CHPT Jan 7 2022 19.5 Put,0.73,1.3,-147.32,0.02,,,,0
2,01/04/2022,39884943130.0,Sold 2 CHPT Jan 14 2022 19.0 Put @ 0.85,2.0,CHPT Jan 14 2022 19.0 Put,0.85,1.3,168.68,0.02,,,,0
3,01/04/2022,39885115707.0,Bought 1 RBLX Jan 7 2022 91.0 Put @ 2.13,1.0,RBLX Jan 7 2022 91.0 Put,2.13,0.65,-213.66,0.01,,,,0
4,01/04/2022,39885115743.0,Sold 1 RBLX Jan 14 2022 88.0 Put @ 2.55,1.0,RBLX Jan 14 2022 88.0 Put,2.55,0.65,254.34,0.01,,,,0
5,01/04/2022,39885415290.0,Bought 2 CPNG Jan 7 2022 32.0 Call @ 0.02,2.0,CPNG Jan 7 2022 32.0 Call,0.02,0.0,-4.02,0.02,,,,0
6,01/04/2022,39885424520.0,Sold 1 CPNG Jan 14 2022 29.0 Call @ 0.25,1.0,CPNG Jan 14 2022 29.0 Call,0.25,0.65,24.34,0.01,,,,0
7,01/04/2022,39885564822.0,Sold 1 PTON Jan 14 2022 29.0 Put @ 0.45,1.0,PTON Jan 14 2022 29.0 Put,0.45,0.65,44.34,0.01,,,,0
8,01/04/2022,39885564875.0,Bought 1 PTON Jan 7 2022 30.0 Put @ 0.2,1.0,PTON Jan 7 2022 30.0 Put,0.2,0.65,-20.66,0.01,,,,0
9,01/04/2022,39887502775.0,Bought 1 DKNG Jan 7 2022 33.0 Call @ 0.02,1.0,DKNG Jan 7 2022 33.0 Call,0.02,0.0,-2.01,0.01,,,,0
10,01/04/2022,39887681520.0,Sold 1 DKNG Jan 14 2022 30.0 Call @ 0.3,1.0,DKNG Jan 14 2022 30.0 Call,0.3,0.65,29.34,0.01,,,,0
11,01/04/2022,39887741945.0,Sold 1 DIS Jan 14 2022 150.0 Put @ 0.51,1.0,DIS Jan 14 2022 150.0 Put,0.51,0.65,50.34,0.01,,,,0
12,01/04/2022,39887753608.0,Bought 1 SCHW Jan 7 2022 81.0 Put @ 0.03,1.0,SCHW Jan 7 2022 81.0 Put,0.03,0.0,-3.01,0.01,,,,0
13,01/05/2022,39916232249.0,Bought 1 CHWY Jan 7 2022 64.0 Call @ 0.02,1.0,CHWY Jan 7 2022 64.0 Call,0.02,0.0,-2.01,0.01,,,,0
14,01/05/2022,39916303152.0,Sold 1 CHWY Jan 14 2022 58.5 Call @ 0.56,1.0,CHWY Jan 14 2022 58.5 Call,0.56,0.65,55.34,0.01,,,,0
15,01/05/2022,39916472106.0,Bought 1 PTON Jan 7 2022 41.0 Call @ 0.03,1.0,PTON Jan 7 2022 41.0 Call,0.03,0.0,-3.01,0.01,,,,0
16,01/05/2022,39916482100.0,Sold 1 PTON Jan 14 2022 38.0 Call @ 0.52,1.0,PTON Jan 14 2022 38.0 Call,0.52,0.65,51.34,0.01,,,,0
17,01/05/2022,39916949699.0,Bought 2 CHPT Jan 7 2022 20.5 Call @ 0.07,2.0,CHPT Jan 7 2022 20.5 Call,0.07,1.3,-15.32,0.02,,,,0
18,01/05/2022,39917129203.0,Sold 2 CHPT Jan 14 2022 21.0 Call @ 0.27,2.0,CHPT Jan 14 2022 21.0 Call,0.27,1.3,52.68,0.02,,,,0
19,01/06/2022,39947980844.0,Sold 3 MVIS Jan 14 2022 5.0 Call @ 0.17,3.0,MVIS Jan 14 2022 5.0 Call,0.17,1.95,49.01,0.04,,,,0
20,01/06/2022,39948447968.0,Bought 1 PYPL Jan 7 2022 197.5 Call @ 0.11,1.0,PYPL Jan 7 2022 197.5 Call,0.11,0.65,-11.66,0.01,,,,0
21,01/06/2022,39948821352.0,Sold 1 PYPL Jan 14 2022 197.5 Call @ 1.36,1.0,PYPL Jan 14 2022 197.5 Call,1.36,0.65,135.34,0.01,,,,0
22,01/06/2022,39949315267.0,Bought 1 FUBO Jan 7 2022 18.0 Call @ 0.02,1.0,FUBO Jan 7 2022 18.0 Call,0.02,0.0,-2.01,0.01,,,,0
23,01/06/2022,39949308846.0,Sold 1 FUBO Jan 14 2022 16.0 Call @ 0.24,1.0,FUBO Jan 14 2022 16.0 Call,0.24,0.65,23.34,0.01,,,,0
24,01/06/2022,39949984373.0,Bought 1 CHWY Jan 7 2022 60.0 Call @ 0.03,1.0,CHWY Jan 7 2022 60.0 Call,0.03,0.0,-3.01,0.01,,,,0
25,01/07/2022,39977986004.0,Sold 1 CHWY Jan 14 2022 52.0 Call @ 0.56,1.0,CHWY Jan 14 2022 52.0 Call,0.56,0.65,55.34,0.01,,,,0
26,01/07/2022,39978325088.0,Sold 1 CPNG Jan 14 2022 27.5 Call @ 0.21,1.0,CPNG Jan 14 2022 27.5 Call,0.21,0.65,20.34,0.01,,,,0
27,01/10/2022,40008091738.0,Bought 1 RBLX Jan 14 2022 88.0 Put @ 8.92,1.0,RBLX Jan 14 2022 88.0 Put,8.92,0.65,-892.66,0.01,,,,0
28,01/10/2022,40008092127.0,Sold 1 RBLX Jan 21 2022 87.0 Put @ 9.27,1.0,RBLX Jan 21 2022 87.0 Put,9.27,0.65,926.34,0.01,,,,0
29,01/11/2022,40034906493.0,Bought 2 CHPT Jan 14 2022 21.0 Call @ 0.02,2.0,CHPT Jan 14 2022 21.0 Call,0.02,0.0,-4.02,0.02,,,,0
30,01/11/2022,40035039573.0,Sold 2 CHPT Jan 21 2022 18.0 Call @ 0.19,2.0,CHPT Jan 21 2022 18.0 Call,0.19,1.3,36.68,0.02,,,,0
31,01/12/2022,40059463988.0,Sold 2 CHPT Jan 21 2022 19.0 Put @ 3,2.0,CHPT Jan 21 2022 19.0 Put,3.0,1.3,598.68,0.02,,,,0
32,01/12/2022,40059464071.0,Bought 2 CHPT Jan 14 2022 19.0 Put @ 2.88,2.0,CHPT Jan 14 2022 19.0 Put,2.88,1.3,-577.32,0.02,,,,0
33,01/12/2022,40060683714.0,Bought 1 DIS Jan 14 2022 150.0 Put @ 0.07,1.0,DIS Jan 14 2022 150.0 Put,0.07,0.65,-7.66,0.01,,,,0
34,01/12/2022,40060699873.0,Sold 1 AMD Jan 21 2022 127.0 Put @ 0.97,1.0,AMD Jan 21 2022 127.0 Put,0.97,0.65,96.34,0.01,,,,0
35,01/13/2022,40084038215.0,Bought 3 MVIS Jan 14 2022 5.0 Call @ 0.01,3.0,MVIS Jan 14 2022 5.0 Call,0.01,0.0,-3.03,0.03,,,,0
36,01/13/2022,40084692393.0,Bought 1 PTON Jan 14 2022 38.0 Call @ 0.03,1.0,PTON Jan 14 2022 38.0 Call,0.03,0.0,-3.01,0.01,,,,0
37,01/13/2022,40086011003.0,Sold 1 PTON Jan 21 2022 36.0 Call @ 0.47,1.0,PTON Jan 21 2022 36.0 Call,0.47,0.65,46.34,0.01,,,,0
38,01/13/2022,40087786701.0,Bought 1 DKNG Jan 14 2022 30.0 Call @ 0.01,1.0,DKNG Jan 14 2022 30.0 Call,0.01,0.0,-1.01,0.01,,,,0
39,01/14/2022,40111283702.0,Bought 1 CHWY Jan 14 2022 52.0 Call @ 0.01,1.0,CHWY Jan 14 2022 52.0 Call,0.01,0.0,-1.01,0.01,,,,0
40,01/14/2022,40111286837.0,Bought 1 CHWY Jan 14 2022 58.5 Call @ 0.01,1.0,CHWY Jan 14 2022 58.5 Call,0.01,0.0,-1.01,0.01,,,,0
41,01/14/2022,40111327022.0,Bought 1 FUBO Jan 14 2022 16.0 Call @ 0.01,1.0,FUBO Jan 14 2022 16.0 Call,0.01,0.0,-1.01,0.01,,,,0
42,01/14/2022,40111332286.0,Bought 1 FUBO Jan 21 2022 25.0 Call @ 0.01,1.0,FUBO Jan 21 2022 25.0 Call,0.01,0.0,-1.01,0.01,,,,0
43,01/14/2022,40111506192.0,Bought 1 PYPL Jan 14 2022 197.5 Call @ 0.01,1.0,PYPL Jan 14 2022 197.5 Call,0.01,0.0,-1.01,0.01,,,,0
44,01/14/2022,40111519168.0,Bought 1 CPNG Jan 14 2022 27.5 Call @ 0.01,1.0,CPNG Jan 14 2022 27.5 Call,0.01,0.0,-1.01,0.01,,,,0
45,01/14/2022,40111528592.0,Bought 1 CPNG Jan 14 2022 29.0 Call @ 0.01,1.0,CPNG Jan 14 2022 29.0 Call,0.01,0.0,-1.01,0.01,,,,0
46,01/14/2022,40111982068.0,Sold 1 PYPL Jan 21 2022 187.5 Call @ 0.89,1.0,PYPL Jan 21 2022 187.5 Call,0.89,0.65,88.34,0.01,,,,0
47,01/14/2022,40112024169.0,Sold 2 CHWY Jan 21 2022 47.0 Call @ 0.4,2.0,CHWY Jan 21 2022 47.0 Call,0.4,1.3,78.68,0.02,,,,0
48,01/14/2022,40112059262.0,Sold 1 DKNG Jan 21 2022 26.0 Call @ 0.24,1.0,DKNG Jan 21 2022 26.0 Call,0.24,0.65,23.34,0.01,,,,0
49,01/14/2022,40112093190.0,Sold 2 FUBO Jan 21 2022 14.5 Call @ 0.2,2.0,FUBO Jan 21 2022 14.5 Call,0.2,1.3,38.68,0.02,,,,0
50,01/14/2022,40112232537.0,Bought 1 PTON Jan 14 2022 29.0 Put @ 0.05,1.0,PTON Jan 14 2022 29.0 Put,0.05,0.0,-5.01,0.01,,,,0
51,01/19/2022,40169895433.0,Bought 1 PYPL Jan 21 2022 187.5 Call @ 0.07,1.0,PYPL Jan 21 2022 187.5 Call,0.07,0.65,-7.66,0.01,,,,0
52,01/19/2022,40170073444.0,Sold 1 CHPT Feb 4 2022 19.0 Put @ 5.02,1.0,CHPT Feb 4 2022 19.0 Put,5.02,1.3,500.69,0.01,,,,0
53,01/19/2022,40170073492.0,Sold 1 CHPT Feb 4 2022 19.0 Put @ 5,1.0,CHPT Feb 4 2022 19.0 Put,5.0,0.0,499.99,0.01,,,,0
54,01/19/2022,40170074595.0,Bought 1 CHPT Jan 21 2022 19.0 Put @ 4.97,1.0,CHPT Jan 21 2022 19.0 Put,4.97,1.3,-498.31,0.01,,,,0
55,01/19/2022,40170074636.0,Bought 1 CHPT Jan 21 2022 19.0 Put @ 4.95,1.0,CHPT Jan 21 2022 19.0 Put,4.95,0.0,-495.01,0.01,,,,0
56,01/19/2022,40170119534.0,Bought 2 CHPT Jan 21 2022 18.0 Call @ 0.01,2.0,CHPT Jan 21 2022 18.0 Call,0.01,0.0,-2.02,0.02,,,,0
57,01/19/2022,40170848814.0,Bought 1 RBLX Jan 21 2022 87.0 Put @ 11.42,1.0,RBLX Jan 21 2022 87.0 Put,11.42,0.65,-1142.66,0.01,,,,0
58,01/19/2022,40170848884.0,Sold 1 RBLX Feb 4 2022 86.0 Put @ 11.99,1.0,RBLX Feb 4 2022 86.0 Put,11.99,0.65,1198.33,0.02,,,,0
59,01/19/2022,40172590823.0,Sold 1 PYPL Feb 4 2022 190.0 Call @ 2.09,1.0,PYPL Feb 4 2022 190.0 Call,2.09,0.65,208.34,0.01,,,,0
60,01/20/2022,40201842459.0,Bought 1 AMD Jan 21 2022 127.0 Put @ 5.6,1.0,AMD Jan 21 2022 127.0 Put,5.6,0.65,-560.66,0.01,,,,0
61,01/20/2022,40201842599.0,Sold 1 AMD Jan 28 2022 125.0 Put @ 6.2,1.0,AMD Jan 28 2022 125.0 Put,6.2,0.65,619.34,0.01,,,,0
62,01/21/2022,40220365746.0,Bought 1 DKNG Jan 21 2022 26.0 Call @ 0.01,1.0,DKNG Jan 21 2022 26.0 Call,0.01,0.0,-1.01,0.01,,,,0
63,01/21/2022,40220437160.0,Bought 1 PTON Jan 21 2022 36.0 Call @ 0.01,1.0,PTON Jan 21 2022 36.0 Call,0.01,0.0,-1.01,0.01,,,,0
64,01/21/2022,40220788050.0,Bought 2 FUBO Jan 21 2022 14.5 Call @ 0.01,2.0,FUBO Jan 21 2022 14.5 Call,0.01,0.0,-2.02,0.02,,,,0
65,01/21/2022,40221048795.0,Bought 2 CHWY Jan 21 2022 47.0 Call @ 0.01,2.0,CHWY Jan 21 2022 47.0 Call,0.01,0.0,-2.02,0.02,,,,0
66,01/21/2022,40221769852.0,Sold 1 PTON Feb 4 2022 31.0 Call @ 0.6,1.0,PTON Feb 4 2022 31.0 Call,0.6,0.65,59.34,0.01,,,,0
67,01/21/2022,40222359473.0,Sold 1 DKNG Feb 4 2022 24.0 Call @ 0.31,1.0,DKNG Feb 4 2022 24.0 Call,0.31,0.65,30.34,0.01,,,,0
68,01/21/2022,40222679583.0,Sold 1 AMD Feb 4 2022 121.0 Put @ 7.33,1.0,AMD Feb 4 2022 121.0 Put,7.33,0.65,732.34,0.01,,,,0
69,01/21/2022,40222679845.0,Bought 1 AMD Jan 28 2022 125.0 Put @ 7.11,1.0,AMD Jan 28 2022 125.0 Put,7.11,0.65,-711.66,0.01,,,,0
70,01/21/2022,40223220573.0,Sold 2 CHWY Feb 4 2022 45.0 Call @ 0.47,2.0,CHWY Feb 4 2022 45.0 Call,0.47,1.3,92.68,0.02,,,,0
71,01/27/2022,40356396926.0,Bought 1 BMBL Feb 18 2022 50.0 Call @ 0.03,1.0,BMBL Feb 18 2022 50.0 Call,0.03,0.0,-3.01,0.01,,,,0
72,01/31/2022,40441922271.0,FREE BALANCE INTEREST ADJUSTMENT,,,,,0.05,,,,,0
73,02/02/2022,40509170951.0,Bought 1 AMD Feb 4 2022 121.0 Put @ 1.77,1.0,AMD Feb 4 2022 121.0 Put,1.77,0.65,-177.66,0.01,,,,0
74,02/02/2022,40509171041.0,Sold 1 AMD Feb 11 2022 119.0 Put @ 3.1,1.0,AMD Feb 11 2022 119.0 Put,3.1,0.65,309.34,0.01,,,,0
75,02/02/2022,40509222031.0,Bought 1 RBLX Feb 4 2022 86.0 Put @ 20.26,1.0,RBLX Feb 4 2022 86.0 Put,20.26,0.65,-2026.66,0.01,,,,0
76,02/02/2022,40509222189.0,Sold 1 RBLX Feb 18 2022 85.0 Put @ 20.52,1.0,RBLX Feb 18 2022 85.0 Put,20.52,0.65,2051.33,0.02,,,,0
77,02/02/2022,40509228553.0,Sold 1 CHPT Feb 18 2022 19.0 Put @ 5.42,1.0,CHPT Feb 18 2022 19.0 Put,5.42,0.65,541.34,0.01,,,,0
78,02/02/2022,40509228568.0,Bought 1 CHPT Feb 4 2022 19.0 Put @ 5.39,1.0,CHPT Feb 4 2022 19.0 Put,5.39,0.65,-539.66,0.01,,,,0
79,02/02/2022,40509275142.0,Bought 1 CHPT Feb 4 2022 19.0 Put @ 5.37,1.0,CHPT Feb 4 2022 19.0 Put,5.37,0.65,-537.66,0.01,,,,0
80,02/02/2022,40509275186.0,Sold 1 CHPT Feb 18 2022 19.0 Put @ 5.41,1.0,CHPT Feb 18 2022 19.0 Put,5.41,0.65,540.34,0.01,,,,0
81,02/03/2022,40537097530.0,Bought 1 PYPL Feb 4 2022 190.0 Call @ 0.01,1.0,PYPL Feb 4 2022 190.0 Call,0.01,0.0,-1.01,0.01,,,,0
82,02/04/2022,40565297054.0,Bought 1 PTON Feb 4 2022 31.0 Call @ 0.01,1.0,PTON Feb 4 2022 31.0 Call,0.01,0.0,-1.01,0.01,,,,0
83,02/04/2022,40565477018.0,Sold 2 FUBO Feb 18 2022 13.0 Call @ 0.12,2.0,FUBO Feb 18 2022 13.0 Call,0.12,1.3,22.68,0.02,,,,0
84,02/04/2022,40565534189.0,Bought 2 CHWY Feb 4 2022 45.0 Call @ 2.28,2.0,CHWY Feb 4 2022 45.0 Call,2.28,1.3,-457.32,0.02,,,,0
85,02/04/2022,40565534249.0,Sold 2 CHWY Feb 18 2022 47.0 Call @ 2.8,2.0,CHWY Feb 18 2022 47.0 Call,2.8,1.3,558.68,0.02,,,,0
86,02/04/2022,40565651559.0,Sold 1 CPNG Feb 18 2022 24.0 Call @ 0.13,1.0,CPNG Feb 18 2022 24.0 Call,0.13,0.65,12.34,0.01,,,,0
87,02/04/2022,40565658997.0,Bought 1 DKNG Feb 4 2022 24.0 Call @ 0.01,1.0,DKNG Feb 4 2022 24.0 Call,0.01,0.0,-1.01,0.01,,,,0
88,02/04/2022,40565703741.0,Sold 1 DKNG Feb 18 2022 27.0 Call @ 0.43,1.0,DKNG Feb 18 2022 27.0 Call,0.43,0.65,42.34,0.01,,,,0
89,02/04/2022,40565801157.0,Sold 1 PTON Feb 11 2022 32.0 Call @ 0.33,1.0,PTON Feb 11 2022 32.0 Call,0.33,0.65,32.34,0.01,,,,0
90,02/04/2022,40565942628.0,Sold 1 PYPL Feb 18 2022 137.0 Call @ 1.23,1.0,PYPL Feb 18 2022 137.0 Call,1.23,0.65,122.34,0.01,,,,0
91,02/04/2022,40566004986.0,Sold 2 CHPT Feb 18 2022 16.0 Call @ 0.11,2.0,CHPT Feb 18 2022 16.0 Call,0.11,1.3,20.68,0.02,,,,0
92,02/09/2022,40649498960.0,Bought 1 PTON Feb 11 2022 32.0 Call @ 5.22,1.0,PTON Feb 11 2022 32.0 Call,5.22,0.65,-522.66,0.01,,,,0
93,02/09/2022,40649499576.0,Sold 1 PTON Feb 18 2022 33.0 Call @ 5.32,1.0,PTON Feb 18 2022 33.0 Call,5.32,0.65,531.34,0.01,,,,0
94,02/09/2022,40655016237.0,Bought 1 AMD Feb 11 2022 119.0 Put @ 0.05,1.0,AMD Feb 11 2022 119.0 Put,0.05,0.0,-5.01,0.01,,,,0
95,02/15/2022,40769450665.0,Bought 2 CHPT Feb 18 2022 19.0 Put @ 4.35,2.0,CHPT Feb 18 2022 19.0 Put,4.35,1.3,-871.32,0.02,,,,0
96,02/15/2022,40769450697.0,Sold 2 CHPT Mar 4 2022 19.0 Put @ 4.45,2.0,CHPT Mar 4 2022 19.0 Put,4.45,1.3,888.68,0.02,,,,0
97,02/15/2022,40769741241.0,Bought 1 PYPL Feb 18 2022 137.0 Call @ 0.04,1.0,PYPL Feb 18 2022 137.0 Call,0.04,0.0,-4.01,0.01,,,,0
98,02/15/2022,40769809143.0,Sold 1 PYPL Feb 25 2022 123.0 Call @ 0.79,1.0,PYPL Feb 25 2022 123.0 Call,0.79,0.65,78.34,0.01,,,,0
99,02/15/2022,40769833124.0,Bought 2 CHPT Feb 18 2022 16.0 Call @ 0.11,2.0,CHPT Feb 18 2022 16.0 Call,0.11,1.3,-23.32,0.02,,,,0
100,02/15/2022,40769949827.0,Sold 2 CHWY Mar 4 2022 48.0 Call @ 5.88,2.0,CHWY Mar 4 2022 48.0 Call,5.88,1.3,1174.67,0.03,,,,0
101,02/15/2022,40769949847.0,Bought 2 CHWY Feb 18 2022 47.0 Call @ 5.75,2.0,CHWY Feb 18 2022 47.0 Call,5.75,1.3,-1151.32,0.02,,,,0
102,02/15/2022,40770095477.0,Sold 1 BMBL Mar 18 2022 40.0 Call @ 0.4,1.0,BMBL Mar 18 2022 40.0 Call,0.4,0.65,39.34,0.01,,,,0
103,02/15/2022,40770137324.0,Bought 2 FUBO Feb 18 2022 13.0 Call @ 0.03,2.0,FUBO Feb 18 2022 13.0 Call,0.03,0.0,-6.02,0.02,,,,0
104,02/15/2022,40770157568.0,Sold 2 FUBO Mar 4 2022 15.0 Call @ 0.2,2.0,FUBO Mar 4 2022 15.0 Call,0.2,1.3,38.68,0.02,,,,0
105,02/15/2022,40770301777.0,Sold 1 RBLX Mar 4 2022 84.0 Put @ 18.78,1.0,RBLX Mar 4 2022 84.0 Put,18.78,0.65,1877.33,0.02,,,,0
106,02/15/2022,40770301856.0,Bought 1 RBLX Feb 18 2022 85.0 Put @ 18.78,1.0,RBLX Feb 18 2022 85.0 Put,18.78,0.65,-1878.66,0.01,,,,0
107,02/18/2022,40849570945.0,Bought 1 DKNG Feb 18 2022 27.0 Call @ 0.01,1.0,DKNG Feb 18 2022 27.0 Call,0.01,0.0,-1.01,0.01,,,,0
108,02/18/2022,40849551034.0,Bought 1 PTON Feb 18 2022 33.0 Call @ 0.01,1.0,PTON Feb 18 2022 33.0 Call,0.01,0.0,-1.01,0.01,,,,0
109,02/22/2022,40863974221.0,REMOVAL OF OPTION DUE TO EXPIRATION (0CPNG.BI20024000),1.0,,,,0.0,,,,,0
110,02/25/2022,40959230036.0,Sold 2 CHPT Mar 4 2022 16.5 Call @ 0.09,2.0,CHPT Mar 4 2022 16.5 Call,0.09,1.3,16.68,0.02,,,,0
111,02/25/2022,40959171600.0,Sold 1 DKNG Mar 4 2022 25.5 Call @ 0.12,1.0,DKNG Mar 4 2022 25.5 Call,0.12,0.65,11.34,0.01,,,,0
112,02/25/2022,40959220066.0,Bought 1 PYPL Feb 25 2022 123.0 Call @ 0.01,1.0,PYPL Feb 25 2022 123.0 Call,0.01,0.0,-1.01,0.01,,,,0
113,02/25/2022,40959223279.0,Sold 1 PYPL Mar 4 2022 117.0 Call @ 0.35,1.0,PYPL Mar 4 2022 117.0 Call,0.35,0.65,34.34,0.01,,,,0
114,02/28/2022,40997373927.0,Sold 1 RBLX Mar 18 2022 80.0 Put @ 28.68,1.0,RBLX Mar 18 2022 80.0 Put,28.68,0.65,2867.33,0.02,,,,0
115,02/28/2022,40997373947.0,Bought 1 RBLX Mar 4 2022 84.0 Put @ 32.83,1.0,RBLX Mar 4 2022 84.0 Put,32.83,0.65,-3283.66,0.01,,,,0
116,02/28/2022,41015369728.0,FREE BALANCE INTEREST ADJUSTMENT,,,,,0.08,,,,,0
117,03/03/2022,41108396173.0,Bought 2 FUBO Mar 4 2022 15.0 Call @ 0.01,2.0,FUBO Mar 4 2022 15.0 Call,0.01,0.0,-2.02,0.02,,,,0
118,03/03/2022,41108483063.0,Sold 2 CHPT Mar 18 2022 19.0 Put @ 4.52,2.0,CHPT Mar 18 2022 19.0 Put,4.52,1.3,902.68,0.02,,,,0
119,03/03/2022,41108483135.0,Bought 2 CHPT Mar 4 2022 19.0 Put @ 4.42,2.0,CHPT Mar 4 2022 19.0 Put,4.42,1.3,-885.32,0.02,,,,0
120,03/03/2022,41109315487.0,Bought 1 PYPL Mar 4 2022 117.0 Call @ 0.02,1.0,PYPL Mar 4 2022 117.0 Call,0.02,0.0,-2.01,0.01,,,,0
121,03/04/2022,41143522196.0,Bought 1 DKNG Mar 4 2022 25.5 Call @ 0.01,1.0,DKNG Mar 4 2022 25.5 Call,0.01,0.0,-1.01,0.01,,,,0
122,03/04/2022,41143530498.0,Bought 2 CHPT Mar 4 2022 16.5 Call @ 0.01,2.0,CHPT Mar 4 2022 16.5 Call,0.01,0.0,-2.02,0.02,,,,0
123,03/04/2022,41143603771.0,Bought 2 CHWY Mar 4 2022 48.0 Call @ 0.02,2.0,CHWY Mar 4 2022 48.0 Call,0.02,0.0,-4.02,0.02,,,,0
124,03/04/2022,41143665119.0,Sold 1 PTON Mar 11 2022 29.0 Call @ 0.16,1.0,PTON Mar 11 2022 29.0 Call,0.16,0.65,15.34,0.01,,,,0
125,03/04/2022,41143690908.0,Sold 1 PYPL Mar 11 2022 109.0 Call @ 0.57,1.0,PYPL Mar 11 2022 109.0 Call,0.57,0.65,56.34,0.01,,,,0
126,03/04/2022,41143712356.0,Sold 1 DKNG Mar 11 2022 25.0 Call @ 0.11,1.0,DKNG Mar 11 2022 25.0 Call,0.11,0.65,10.34,0.01,,,,0
127,03/04/2022,41143764890.0,Sold 2 FUBO Mar 18 2022 9.5 Call @ 0.1,2.0,FUBO Mar 18 2022 9.5 Call,0.1,1.3,18.68,0.02,,,,0
128,03/04/2022,41143784311.0,Sold 2 CHWY Mar 11 2022 51.0 Call @ 0.44,2.0,CHWY Mar 11 2022 51.0 Call,0.44,1.3,86.68,0.02,,,,0
129,03/04/2022,41143818287.0,Sold 1 CPNG Mar 11 2022 25.0 Call @ 0.1,1.0,CPNG Mar 11 2022 25.0 Call,0.1,0.65,9.34,0.01,,,,0
130,03/04/2022,41143860162.0,Sold 2 CHPT Mar 11 2022 16.5 Call @ 0.11,2.0,CHPT Mar 11 2022 16.5 Call,0.11,1.3,20.68,0.02,,,,0
131,03/09/2022,41240880179.0,Bought 1 BMBL Mar 18 2022 40.0 Call @ 0.05,1.0,BMBL Mar 18 2022 40.0 Call,0.05,0.0,-5.01,0.01,,,,0
132,03/09/2022,41242024821.0,Bought 1 DKNG Mar 11 2022 25.0 Call @ 0.01,1.0,DKNG Mar 11 2022 25.0 Call,0.01,0.0,-1.01,0.01,,,,0
133,03/09/2022,41243236055.0,Bought 2 CHPT Mar 11 2022 16.5 Call @ 1.16,2.0,CHPT Mar 11 2022 16.5 Call,1.16,1.3,-233.32,0.02,,,,0
134,03/09/2022,41243236097.0,Sold 2 CHPT Mar 18 2022 17.0 Call @ 1.25,2.0,CHPT Mar 18 2022 17.0 Call,1.25,1.3,248.68,0.02,,,,0
135,03/10/2022,41274197422.0,Bought 1 PTON Mar 11 2022 29.0 Call @ 0.01,1.0,PTON Mar 11 2022 29.0 Call,0.01,0.0,-1.01,0.01,,,,0
136,03/10/2022,41274206095.0,Bought 1 CPNG Mar 11 2022 25.0 Call @ 0.01,1.0,CPNG Mar 11 2022 25.0 Call,0.01,0.0,-1.01,0.01,,,,0
137,03/10/2022,41274221045.0,Bought 2 CHWY Mar 11 2022 51.0 Call @ 0.01,2.0,CHWY Mar 11 2022 51.0 Call,0.01,0.0,-2.02,0.02,,,,0
138,03/14/2022,41317447279.0,REMOVAL OF OPTION DUE TO EXPIRATION (0PYPL.CB20109000),1.0,,,,0.0,,,,,0
139,03/16/2022,41381052596.0,Bought 100 RBLX @ 80,100.0,RBLX,80.0,,-8000.0,,,,,0
140,03/16/2022,41381062742.0,REMOVAL OF OPTION DUE TO ASSIGNMENT (RBLX Mar 18 2022 80.0 Put),1.0,RBLX Mar 18 2022 80.0 Put,,,0.0,,,,,0
141,03/17/2022,41414451870.0,Bought 2 FUBO Mar 18 2022 9.5 Call @ 0.01,2.0,FUBO Mar 18 2022 9.5 Call,0.01,0.0,-2.02,0.02,,,,0
142,03/17/2022,41414688271.0,Sold 2 CHPT Mar 25 2022 17.5 Call @ 0.91,2.0,CHPT Mar 25 2022 17.5 Call,0.91,1.3,180.68,0.02,,,,0
143,03/17/2022,41414688446.0,Bought 2 CHPT Mar 18 2022 17.0 Call @ 0.79,2.0,CHPT Mar 18 2022 17.0 Call,0.79,1.3,-159.32,0.02,,,,0
144,03/17/2022,41415134390.0,Sold 2 CHPT Mar 25 2022 19.0 Put @ 1.58,2.0,CHPT Mar 25 2022 19.0 Put,1.58,1.3,314.68,0.02,,,,0
145,03/17/2022,41415134479.0,Bought 2 CHPT Mar 18 2022 19.0 Put @ 1.26,2.0,CHPT Mar 18 2022 19.0 Put,1.26,1.3,-253.32,0.02,,,,0
146,03/17/2022,41415912295.0,Sold 1 RBLX Mar 25 2022 54.0 Call @ 0.26,1.0,RBLX Mar 25 2022 54.0 Call,0.26,0.65,25.34,0.01,,,,0
147,03/17/2022,41415932445.0,Sold 1 BMBL Apr 14 2022 40.0 Call @ 0.2,1.0,BMBL Apr 14 2022 40.0 Call,0.2,0.65,19.34,0.01,,,,0
148,03/17/2022,41415999354.0,Sold 1 PTON Mar 25 2022 29.0 Call @ 0.2,1.0,PTON Mar 25 2022 29.0 Call,0.2,0.65,19.34,0.01,,,,0
149,03/23/2022,41522972923.0,Sold 2 CHPT Apr 1 2022 18.5 Put @ 0.9,2.0,CHPT Apr 1 2022 18.5 Put,0.9,1.3,178.68,0.02,,,,0
150,03/23/2022,41522972961.0,Bought 2 CHPT Mar 25 2022 19.0 Put @ 0.79,2.0,CHPT Mar 25 2022 19.0 Put,0.79,1.3,-159.32,0.02,,,,0
151,03/23/2022,41523163777.0,Sold 1 PTON Apr 1 2022 31.0 Call @ 0.69,1.0,PTON Apr 1 2022 31.0 Call,0.69,0.65,68.34,0.01,,,,0
152,03/23/2022,41523163782.0,Bought 1 PTON Mar 25 2022 29.0 Call @ 0.69,1.0,PTON Mar 25 2022 29.0 Call,0.69,0.65,-69.66,0.01,,,,0
153,03/23/2022,41523167413.0,Sold 2 CHPT Apr 1 2022 18.0 Call @ 1.12,2.0,CHPT Apr 1 2022 18.0 Call,1.12,1.3,222.68,0.02,,,,0
154,03/23/2022,41523167431.0,Bought 2 CHPT Mar 25 2022 17.5 Call @ 1.1,2.0,CHPT Mar 25 2022 17.5 Call,1.1,1.3,-221.32,0.02,,,,0
155,03/25/2022,41594372701.0,Bought 1 RBLX Mar 25 2022 54.0 Call @ 0.01,1.0,RBLX Mar 25 2022 54.0 Call,0.01,0.0,-1.01,0.01,,,,0
156,03/30/2022,41699899641.0,Sold 1 PYPL Apr 8 2022 135.0 Call @ 0.37,1.0,PYPL Apr 8 2022 135.0 Call,0.37,0.65,36.34,0.01,,,,0
157,03/30/2022,41699946700.0,Sold 1 RBLX Apr 8 2022 62.0 Call @ 0.44,1.0,RBLX Apr 8 2022 62.0 Call,0.44,0.65,43.34,0.01,,,,0
158,03/30/2022,41700029927.0,Bought 2 CHPT Apr 1 2022 18.0 Call @ 1.93,2.0,CHPT Apr 1 2022 18.0 Call,1.93,1.3,-387.32,0.02,,,,0
159,03/30/2022,41700030284.0,Sold 2 CHPT Apr 8 2022 18.0 Call @ 2.06,2.0,CHPT Apr 8 2022 18.0 Call,2.06,1.3,410.68,0.02,,,,0
160,03/30/2022,41700639794.0,Sold 1 DKNG Apr 8 2022 24.5 Call @ 0.14,1.0,DKNG Apr 8 2022 24.5 Call,0.14,0.65,13.34,0.01,,,,0
161,03/30/2022,41701420286.0,Bought 1 BMBL Apr 14 2022 40.0 Call @ 0.05,1.0,BMBL Apr 14 2022 40.0 Call,0.05,0.0,-5.01,0.01,,,,0
162,03/31/2022,41768416183.0,FREE BALANCE INTEREST ADJUSTMENT,,,,,0.05,,,,,0
163,04/01/2022,41800500937.0,Bought 1 PTON Apr 1 2022 31.0 Call @ 0.01,1.0,PTON Apr 1 2022 31.0 Call,0.01,0.0,-1.01,0.01,,,,0
164,04/01/2022,41802003397.0,Sold 2 CHWY Apr 8 2022 47.0 Call @ 0.23,2.0,CHWY Apr 8 2022 47.0 Call,0.23,1.3,44.68,0.02,,,,0
165,04/01/2022,41805031746.0,Sold 3 MVIS Apr 8 2022 5.5 Call @ 0.09,3.0,MVIS Apr 8 2022 5.5 Call,0.09,1.95,25.02,0.03,,,,0
166,04/01/2022,41805187462.0,Sold 1 MVIS Apr 8 2022 4.0 Put @ 0.09,1.0,MVIS Apr 8 2022 4.0 Put,0.09,0.65,8.34,0.01,,,,0
167,04/01/2022,41805728249.0,Sold 1 AMD Apr 8 2022 100.0 Put @ 0.94,1.0,AMD Apr 8 2022 100.0 Put,0.94,0.65,93.34,0.01,,,,0
168,04/01/2022,41806040717.0,Bought 2 CHPT Apr 1 2022 18.5 Put @ 0.01,2.0,CHPT Apr 1 2022 18.5 Put,0.01,0.0,-2.02,0.02,,,,0
169,04/06/2022,41896122373.0,Bought 1 PYPL Apr 8 2022 135.0 Call @ 0.01,1.0,PYPL Apr 8 2022 135.0 Call,0.01,0.0,-1.01,0.01,,,,0
170,04/07/2022,41931192513.0,Bought 1 DKNG Apr 8 2022 24.5 Call @ 0.01,1.0,DKNG Apr 8 2022 24.5 Call,0.01,0.0,-1.01,0.01,,,,0
171,04/07/2022,41931198759.0,Bought 1 RBLX Apr 8 2022 62.0 Call @ 0.01,1.0,RBLX Apr 8 2022 62.0 Call,0.01,0.0,-1.01,0.01,,,,0
172,04/07/2022,41934268764.0,Bought 3 MVIS Apr 8 2022 5.5 Call @ 0.01,3.0,MVIS Apr 8 2022 5.5 Call,0.01,0.0,-3.03,0.03,,,,0
173,04/07/2022,41939124183.0,Sold 1 MVIS Apr 14 2022 4.0 Put @ 0.19,1.0,MVIS Apr 14 2022 4.0 Put,0.19,0.65,18.34,0.01,,,,0
174,04/07/2022,41939124223.0,Bought 1 MVIS Apr 8 2022 4.0 Put @ 0.06,1.0,MVIS Apr 8 2022 4.0 Put,0.06,0.65,-6.66,0.01,,,,0
175,04/07/2022,41939161563.0,Sold 2 CHPT Apr 14 2022 19.0 Call @ 0.37,2.0,CHPT Apr 14 2022 19.0 Call,0.37,1.3,72.68,0.02,,,,0
176,04/07/2022,41939161584.0,Bought 2 CHPT Apr 8 2022 18.0 Call @ 0.3,2.0,CHPT Apr 8 2022 18.0 Call,0.3,1.3,-61.32,0.02,,,,0
177,04/07/2022,41939223509.0,Bought 2 CHWY Apr 8 2022 47.0 Call @ 0.06,2.0,CHWY Apr 8 2022 47.0 Call,0.06,1.3,-13.32,0.02,,,,0
178,04/07/2022,41939234215.0,Bought 1 AMD Apr 8 2022 100.0 Put @ 0.17,1.0,AMD Apr 8 2022 100.0 Put,0.17,0.65,-17.66,0.01,,,,0
179,04/11/2022,41991060152.0,Sold 1 AMD Apr 14 2022 89.0 Put @ 0.54,1.0,AMD Apr 14 2022 89.0 Put,0.54,0.65,53.34,0.01,,,,0
180,04/11/2022,41991093530.0,Sold 1 PYPL Apr 14 2022 117.0 Call @ 0.31,1.0,PYPL Apr 14 2022 117.0 Call,0.31,0.65,30.34,0.01,,,,0
181,04/13/2022,42040736795.0,Bought 1 PYPL Apr 14 2022 117.0 Call @ 0.01,1.0,PYPL Apr 14 2022 117.0 Call,0.01,0.0,-1.01,0.01,,,,0
182,04/14/2022,42068753736.0,Bought 1 AMD Apr 14 2022 89.0 Put @ 0.02,1.0,AMD Apr 14 2022 89.0 Put,0.02,0.0,-2.01,0.01,,,,0
183,04/14/2022,42068812304.0,Sold 1 MVIS Apr 22 2022 4.0 Put @ 0.61,1.0,MVIS Apr 22 2022 4.0 Put,0.61,0.65,60.34,0.01,,,,0
184,04/14/2022,42068812548.0,Bought 1 MVIS Apr 14 2022 4.0 Put @ 0.56,1.0,MVIS Apr 14 2022 4.0 Put,0.56,0.65,-56.66,0.01,,,,0
185,04/14/2022,42069877824.0,Bought 2 CHPT Apr 14 2022 19.0 Call @ 0.01,2.0,CHPT Apr 14 2022 19.0 Call,0.01,0.0,-2.02,0.02,,,,0
186,04/20/2022,42150176855.0,Sold 1 PYPL Apr 29 2022 115.0 Call @ 0.81,1.0,PYPL Apr 29 2022 115.0 Call,0.81,0.65,80.34,0.01,,,,0
187,04/20/2022,42150222951.0,Sold 1 CHWY Apr 29 2022 46.0 Call @ 0.34,1.0,CHWY Apr 29 2022 46.0 Call,0.34,0.65,33.34,0.01,,,,0
188,04/20/2022,42150258083.0,Sold 1 MVIS Apr 29 2022 4.0 Put @ 0.82,1.0,MVIS Apr 29 2022 4.0 Put,0.82,0.65,81.34,0.01,,,,0
189,04/20/2022,42150258102.0,Bought 1 MVIS Apr 22 2022 4.0 Put @ 0.76,1.0,MVIS Apr 22 2022 4.0 Put,0.76,0.65,-76.66,0.01,,,,0
190,04/20/2022,42150280313.0,Sold 2 CHPT Apr 29 2022 19.0 Call @ 0.1,2.0,CHPT Apr 29 2022 19.0 Call,0.1,1.3,18.68,0.02,,,,0
191,04/27/2022,42280480436.0,Bought 2 CHPT Apr 29 2022 19.0 Call @ 0.01,2.0,CHPT Apr 29 2022 19.0 Call,0.01,0.0,-2.02,0.02,,,,0
192,04/27/2022,42280593929.0,Bought 1 MVIS Apr 29 2022 4.0 Put @ 1.01,1.0,MVIS Apr 29 2022 4.0 Put,1.01,0.65,-101.66,0.01,,,,0
193,04/27/2022,42280593982.0,Sold 1 MVIS May 13 2022 4.0 Put @ 1.07,1.0,MVIS May 13 2022 4.0 Put,1.07,0.65,106.34,0.01,,,,0
194,04/27/2022,42280619905.0,Sold 1 BMBL May 20 2022 30.0 Call @ 0.6,1.0,BMBL May 20 2022 30.0 Call,0.6,0.65,59.34,0.01,,,,0
195,04/27/2022,42280692337.0,Sold 1 PYPL May 6 2022 104.0 Call @ 0.79,1.0,PYPL May 6 2022 104.0 Call,0.79,0.65,78.34,0.01,,,,0
196,04/27/2022,42280692351.0,Bought 1 PYPL Apr 29 2022 115.0 Call @ 0.13,1.0,PYPL Apr 29 2022 115.0 Call,0.13,0.65,-13.66,0.01,,,,0
197,04/27/2022,42280746169.0,Sold 1 PTON May 6 2022 22.5 Call @ 0.31,1.0,PTON May 6 2022 22.5 Call,0.31,0.65,30.34,0.01,,,,0
198,04/29/2022,42333603722.0,Bought 1 CHWY Apr 29 2022 46.0 Call @ 0.01,1.0,CHWY Apr 29 2022 46.0 Call,0.01,0.0,-1.01,0.01,,,,0
199,05/04/2022,42451269014.0,Sold 1 MVIS May 20 2022 4.0 Put @ 0.65,1.0,MVIS May 20 2022 4.0 Put,0.65,0.65,64.34,0.01,,,,0
200,05/04/2022,42451269068.0,Bought 1 MVIS May 13 2022 4.0 Put @ 0.56,1.0,MVIS May 13 2022 4.0 Put,0.56,0.65,-56.66,0.01,,,,0
201,05/04/2022,42451359537.0,Sold 1 CHWY May 6 2022 33.0 Call @ 0.15,1.0,CHWY May 6 2022 33.0 Call,0.15,0.65,14.34,0.01,,,,0
202,05/04/2022,42453262938.0,Bought 1 PTON May 6 2022 22.5 Call @ 0.02,1.0,PTON May 6 2022 22.5 Call,0.02,0.0,-2.01,0.01,,,,0
203,05/05/2022,42477798255.0,MANDATORY - EXCHANGE (26142R104),100.0,,,,0.0,,,,,0
204,05/05/2022,42477798257.0,MANDATORY - EXCHANGE (DKNG),100.0,DKNG,,,0.0,,,,,0
205,05/06/2022,42518683876.0,Bought 1 PYPL May 6 2022 104.0 Call @ 0.01,1.0,PYPL May 6 2022 104.0 Call,0.01,0.0,-1.01,0.01,,,,0
206,05/06/2022,42518688564.0,Bought 1 CHWY May 6 2022 33.0 Call @ 0.01,1.0,CHWY May 6 2022 33.0 Call,0.01,0.0,-1.01,0.01,,,,0
207,05/10/2022,42581894020.0,Sold 3 MVIS May 20 2022 4.0 Call @ 0.05,3.0,MVIS May 20 2022 4.0 Call,0.05,1.95,13.01,0.04,,,,0
208,05/10/2022,42581964164.0,Sold 2 CPNG May 13 2022 14.5 Call @ 0.16,2.0,CPNG May 13 2022 14.5 Call,0.16,1.3,30.68,0.02,,,,0
209,05/10/2022,42582369827.0,Sold 1 PYPL May 13 2022 83.5 Call @ 0.63,1.0,PYPL May 13 2022 83.5 Call,0.63,0.65,62.34,0.01,,,,0
210,05/10/2022,42582201671.0,Sold 1 AMD May 13 2022 78.0 Put @ 0.45,1.0,AMD May 13 2022 78.0 Put,0.45,0.65,44.34,0.01,,,,0
211,05/10/2022,42582283907.0,Bought 1 BMBL May 20 2022 30.0 Call @ 0.15,1.0,BMBL May 20 2022 30.0 Call,0.15,0.65,-15.66,0.01,,,,0
212,05/10/2022,42582280876.0,Sold 1 BMBL May 20 2022 25.0 Call @ 0.5,1.0,BMBL May 20 2022 25.0 Call,0.5,0.65,49.34,0.01,,,,0
213,05/10/2022,42582518059.0,Bought 1 MVIS May 20 2022 4.0 Put @ 1.04,1.0,MVIS May 20 2022 4.0 Put,1.04,0.65,-104.66,0.01,,,,0
214,05/10/2022,42582518389.0,Sold 1 MVIS May 27 2022 4.0 Put @ 1.1,1.0,MVIS May 27 2022 4.0 Put,1.1,0.65,109.34,0.01,,,,0
215,05/10/2022,42583661870.0,Bought 1 AMD May 13 2022 78.0 Put @ 0.17,1.0,AMD May 13 2022 78.0 Put,0.17,0.65,-17.66,0.01,,,,0
216,05/10/2022,42583703999.0,Sold 1 AMD May 20 2022 78.0 Put @ 0.83,1.0,AMD May 20 2022 78.0 Put,0.83,0.65,82.34,0.01,,,,0
217,05/13/2022,42670792917.0,Bought 1 PYPL May 13 2022 83.5 Call @ 0.01,1.0,PYPL May 13 2022 83.5 Call,0.01,0.0,-1.01,0.01,,,,0
218,05/13/2022,42671788730.0,Bought 2 CPNG May 13 2022 14.5 Call @ 0.01,2.0,CPNG May 13 2022 14.5 Call,0.01,0.0,-2.02,0.02,,,,0
219,05/16/2022,42704153540.0,Sold 1 DKNG May 20 2022 15.0 Call @ 0.09,1.0,DKNG May 20 2022 15.0 Call,0.09,0.65,8.34,0.01,,,,0
220,05/16/2022,42704493304.0,Sold 2 CHWY May 27 2022 33.0 Call @ 0.39,2.0,CHWY May 27 2022 33.0 Call,0.39,1.3,76.68,0.02,,,,0
221,05/16/2022,42704548037.0,Sold 1 AMD May 20 2022 86.5 Put @ 0.53,1.0,AMD May 20 2022 86.5 Put,0.53,0.65,52.34,0.01,,,,0
222,05/16/2022,42705686742.0,Bought 1 AMD May 20 2022 78.0 Put @ 0.08,1.0,AMD May 20 2022 78.0 Put,0.08,0.65,-8.66,0.01,,,,0
223,05/16/2022,42707183851.0,Sold 1 PTON May 20 2022 18.5 Call @ 0.2,1.0,PTON May 20 2022 18.5 Call,0.2,0.65,19.34,0.01,,,,0
224,05/17/2022,42729508162.0,Bought 1 BMBL May 20 2022 25.0 Call @ 2.08,1.0,BMBL May 20 2022 25.0 Call,2.08,0.65,-208.66,0.01,,,,0
225,05/17/2022,42729508207.0,Sold 1 BMBL Jun 17 2022 25.0 Call @ 3.6,1.0,BMBL Jun 17 2022 25.0 Call,3.6,0.65,359.33,0.02,,,,0
226,05/17/2022,42729604304.0,Sold 1 BMBL Jun 17 2022 30.0 Put @ 4.61,1.0,BMBL Jun 17 2022 30.0 Put,4.61,0.65,460.33,0.02,,,,0
227,05/17/2022,42729807874.0,Sold 1 RBLX May 20 2022 35.0 Call @ 0.32,1.0,RBLX May 20 2022 35.0 Call,0.32,0.65,31.34,0.01,,,,0
228,05/17/2022,42729946223.0,Sold 1 PYPL May 20 2022 86.0 Call @ 0.29,1.0,PYPL May 20 2022 86.0 Call,0.29,0.65,28.34,0.01,,,,0
229,05/19/2022,42782486358.0,Bought 3 MVIS May 20 2022 4.0 Call @ 0.01,3.0,MVIS May 20 2022 4.0 Call,0.01,0.0,-3.03,0.03,,,,0
230,05/19/2022,42782546640.0,Sold 3 MVIS May 27 2022 4.0 Call @ 0.06,3.0,MVIS May 27 2022 4.0 Call,0.06,1.95,16.02,0.03,,,,0
231,05/19/2022,42782546346.0,Bought 1 AMD May 20 2022 86.5 Put @ 0.02,1.0,AMD May 20 2022 86.5 Put,0.02,0.0,-2.01,0.01,,,,0
232,05/19/2022,42782737479.0,Sold 1 RBLX May 27 2022 37.0 Call @ 1.79,1.0,RBLX May 27 2022 37.0 Call,1.79,0.65,178.34,0.01,,,,0
233,05/19/2022,42782737732.0,Bought 1 RBLX May 20 2022 35.0 Call @ 1.31,1.0,RBLX May 20 2022 35.0 Call,1.31,0.65,-131.66,0.01,,,,0
234,05/20/2022,42813804955.0,Bought 1 BMBL Jun 17 2022 30.0 Put @ 4,1.0,BMBL Jun 17 2022 30.0 Put,4.0,0.65,-400.66,0.01,,,,0
235,05/23/2022,42828487885.0,REMOVAL OF OPTION DUE TO EXPIRATION (0PTON.EK20018500),1.0,,,,0.0,,,,,0
236,05/23/2022,42828621889.0,REMOVAL OF OPTION DUE TO EXPIRATION (0PYPL.EK20086000),1.0,,,,0.0,,,,,0
237,05/23/2022,42828933479.0,REMOVAL OF OPTION DUE TO EXPIRATION (0DKNG.EK20015000),1.0,,,,0.0,,,,,0
238,05/24/2022,42858791955.0,Sold 1 PYPL Jun 3 2022 85.0 Call @ 0.84,1.0,PYPL Jun 3 2022 85.0 Call,0.84,0.65,83.34,0.01,,,,0
239,05/24/2022,42858970340.0,Sold 1 CHPT Jun 3 2022 12.5 Call @ 0.22,1.0,CHPT Jun 3 2022 12.5 Call,0.22,0.65,21.34,0.01,,,,0
240,05/24/2022,42858990248.0,Sold 1 PTON Jun 3 2022 15.0 Call @ 0.21,1.0,PTON Jun 3 2022 15.0 Call,0.21,0.65,20.34,0.01,,,,0
241,05/26/2022,42909930581.0,Bought 3 MVIS May 27 2022 4.0 Call @ 0.01,3.0,MVIS May 27 2022 4.0 Call,0.01,0.0,-3.03,0.03,,,,0
242,05/31/2022,42951269302.0,Bought 100 MVIS @ 4,100.0,MVIS,4.0,,-400.0,,,,,0
243,05/31/2022,42951310152.0,REMOVAL OF OPTION DUE TO ASSIGNMENT (0MVIS.QR20004000),1.0,,,,0.0,,,,,0
244,05/31/2022,42951768622.0,REMOVAL OF OPTION DUE TO EXPIRATION (0CHWY.ER20033000),2.0,,,,0.0,,,,,0
245,05/31/2022,42951778036.0,REMOVAL OF OPTION DUE TO EXPIRATION (0RBLX.ER20037000),1.0,,,,0.0,,,,,0
246,05/31/2022,42962525471.0,Sold 1 RBLX Jun 10 2022 37.5 Call @ 0.33,1.0,RBLX Jun 10 2022 37.5 Call,0.33,0.65,32.34,0.01,,,,0
247,05/31/2022,42962669623.0,Sold 1 AMD Jun 10 2022 85.0 Put @ 0.6,1.0,AMD Jun 10 2022 85.0 Put,0.6,0.65,59.34,0.01,,,,0
248,05/31/2022,42962791350.0,Sold 1 CHPT Jun 3 2022 13.5 Put @ 1.13,1.0,CHPT Jun 3 2022 13.5 Put,1.13,0.65,112.34,0.01,,,,0
249,05/31/2022,42962973124.0,Bought 1 PTON Jun 3 2022 15.0 Call @ 0.25,1.0,PTON Jun 3 2022 15.0 Call,0.25,0.65,-25.66,0.01,,,,0
250,05/31/2022,42963177765.0,Sold 2 CHWY Jun 3 2022 29.0 Call @ 1.17,2.0,CHWY Jun 3 2022 29.0 Call,1.17,1.3,232.67,0.03,,,,0
251,05/31/2022,42967891377.0,Bought 1 AMD Jun 10 2022 85.0 Put @ 0.3,1.0,AMD Jun 10 2022 85.0 Put,0.3,0.65,-30.66,0.01,,,,0
252,06/02/2022,43050359692.0,Sold 1 PYPL Jun 10 2022 89.0 Call @ 1.44,1.0,PYPL Jun 10 2022 89.0 Call,1.44,0.65,143.34,0.01,,,,0
253,06/02/2022,43050360538.0,Bought 1 PYPL Jun 3 2022 85.0 Call @ 1.19,1.0,PYPL Jun 3 2022 85.0 Call,1.19,0.65,-119.66,0.01,,,,0
254,06/02/2022,43050609917.0,Bought 1 CHPT Jun 3 2022 12.5 Call @ 0.42,1.0,CHPT Jun 3 2022 12.5 Call,0.42,0.65,-42.66,0.01,,,,0
255,06/02/2022,43050610204.0,Sold 1 CHPT Jun 10 2022 13.0 Call @ 0.47,1.0,CHPT Jun 10 2022 13.0 Call,0.47,0.65,46.34,0.01,,,,0
256,06/02/2022,43050677962.0,Sold 1 CHPT Jun 10 2022 13.5 Put @ 1.14,1.0,CHPT Jun 10 2022 13.5 Put,1.14,0.65,113.34,0.01,,,,0
257,06/02/2022,43050678054.0,Bought 1 CHPT Jun 3 2022 13.5 Put @ 0.9,1.0,CHPT Jun 3 2022 13.5 Put,0.9,0.65,-90.66,0.01,,,,0
258,06/02/2022,43050975215.0,Sold 4 MVIS Jun 10 2022 5.0 Call @ 0.07,4.0,MVIS Jun 10 2022 5.0 Call,0.07,2.6,25.35,0.05,,,,0
259,06/02/2022,43051034675.0,Sold 1 AMD Jun 10 2022 95.0 Put @ 0.97,1.0,AMD Jun 10 2022 95.0 Put,0.97,0.65,96.34,0.01,,,,0
260,06/03/2022,43077158306.0,Sold 2 CPNG Jun 10 2022 13.5 Call @ 0.12,2.0,CPNG Jun 10 2022 13.5 Call,0.12,1.3,22.68,0.02,,,,0
261,06/03/2022,43077259171.0,Sold 1 PTON Jun 10 2022 14.0 Call @ 0.18,1.0,PTON Jun 10 2022 14.0 Call,0.18,0.65,17.34,0.01,,,,0
262,06/03/2022,43078253715.0,Bought 2 CHWY Jun 3 2022 29.0 Call @ 0.38,2.0,CHWY Jun 3 2022 29.0 Call,0.38,1.3,-77.32,0.02,,,,0
263,06/03/2022,43078306340.0,Sold 1 CHWY Jun 10 2022 33.0 Call @ 0.39,1.0,CHWY Jun 10 2022 33.0 Call,0.39,0.65,38.34,0.01,,,,0
264,06/03/2022,43078310466.0,Sold 1 CHWY Jun 10 2022 33.0 Call @ 0.4,1.0,CHWY Jun 10 2022 33.0 Call,0.4,0.65,39.34,0.01,,,,0
265,06/03/2022,43078765915.0,CLIENT REQUESTED ELECTRONIC FUNDING RECEIPT (FUNDS NOW),,,,,3000.0,,,,,0
266,06/03/2022,43079074874.0,Sold 1 MVIS Jun 10 2022 3.5 Put @ 0.1,1.0,MVIS Jun 10 2022 3.5 Put,0.1,0.65,9.34,0.01,,,,0
267,06/06/2022,43105257854.0,Sold 1 CHPT Jun 10 2022 16.0 Put @ 1.15,1.0,CHPT Jun 10 2022 16.0 Put,1.15,0.65,114.34,0.01,,,,0
268,06/07/2022,43139785401.0,Bought 1 CHPT Jun 10 2022 13.0 Call @ 2.74,1.0,CHPT Jun 10 2022 13.0 Call,2.74,0.65,-274.66,0.01,,,,0
269,06/07/2022,43139785627.0,Sold 1 CHPT Jun 17 2022 13.5 Call @ 2.43,1.0,CHPT Jun 17 2022 13.5 Call,2.43,0.65,242.33,0.02,,,,0
270,06/07/2022,43139853797.0,Sold 1 CHPT Jun 10 2022 18.0 Put @ 2.48,1.0,CHPT Jun 10 2022 18.0 Put,2.48,0.65,247.33,0.02,,,,0
271,06/07/2022,43139881466.0,Bought 1 CHPT Jun 10 2022 13.5 Put @ 0.07,1.0,CHPT Jun 10 2022 13.5 Put,0.07,0.65,-7.66,0.01,,,,0
272,06/07/2022,43139917449.0,Bought 1 PYPL Jun 10 2022 89.0 Call @ 1.46,1.0,PYPL Jun 10 2022 89.0 Call,1.46,0.65,-146.66,0.01,,,,0
273,06/07/2022,43139922021.0,Sold 1 PYPL Jun 17 2022 92.0 Call @ 1.69,1.0,PYPL Jun 17 2022 92.0 Call,1.69,0.65,168.34,0.01,,,,0
274,06/07/2022,43139980376.0,Bought 2 CHWY Jun 10 2022 33.0 Call @ 0.08,2.0,CHWY Jun 10 2022 33.0 Call,0.08,1.3,-17.32,0.02,,,,0
275,06/07/2022,43140005636.0,Sold 2 CHWY Jun 17 2022 33.0 Call @ 0.44,2.0,CHWY Jun 17 2022 33.0 Call,0.44,1.3,86.68,0.02,,,,0
276,06/07/2022,43140040213.0,Bought 1 BMBL Jun 17 2022 25.0 Call @ 7.73,1.0,BMBL Jun 17 2022 25.0 Call,7.73,0.65,-773.66,0.01,,,,0
277,06/07/2022,43140040726.0,Sold 1 BMBL Jul 15 2022 30.0 Call @ 4.53,1.0,BMBL Jul 15 2022 30.0 Call,4.53,0.65,452.33,0.02,,,,0
278,06/07/2022,43140632968.0,Bought 1 CHPT Jun 10 2022 16.0 Put @ 1.05,1.0,CHPT Jun 10 2022 16.0 Put,1.05,0.65,-105.66,0.01,,,,0
279,06/07/2022,43144829807.0,Sold 2 FUBO Jun 17 2022 4.0 Call @ 0.05,2.0,FUBO Jun 17 2022 4.0 Call,0.05,1.3,8.68,0.02,,,,0
280,06/09/2022,43188683286.0,Bought 4 MVIS Jun 10 2022 5.0 Call @ 0.01,4.0,MVIS Jun 10 2022 5.0 Call,0.01,0.0,-4.04,0.04,,,,0
281,06/09/2022,43188711833.0,Sold 4 MVIS Jun 17 2022 4.5 Call @ 0.09,4.0,MVIS Jun 17 2022 4.5 Call,0.09,2.6,33.35,0.05,,,,0
282,06/09/2022,43188829219.0,Sold 1 PYPL Jun 17 2022 78.0 Put @ 0.57,1.0,PYPL Jun 17 2022 78.0 Put,0.57,0.65,56.34,0.01,,,,0
283,06/13/2022,43241245312.0,Bought 100 AMD @ 95,100.0,AMD,95.0,,-9500.0,,,,,0
284,06/13/2022,43241249328.0,Bought 100 CHPT @ 18,100.0,CHPT,18.0,,-1800.0,,,,,0
285,06/13/2022,43241256591.0,Bought 100 MVIS @ 3.5,100.0,MVIS,3.5,,-350.0,,,,,0
286,06/13/2022,43241322562.0,REMOVAL OF OPTION DUE TO ASSIGNMENT (0MVIS.RA20003500),1.0,,,,0.0,,,,,0
287,06/13/2022,43241357578.0,REMOVAL OF OPTION DUE TO ASSIGNMENT (0AMD..RA20095000),1.0,,,,0.0,,,,,0
288,06/13/2022,43241366166.0,REMOVAL OF OPTION DUE TO ASSIGNMENT (0CHPT.RA20018000),1.0,,,,0.0,,,,,0
289,06/13/2022,43241509912.0,REMOVAL OF OPTION DUE TO EXPIRATION (0PTON.FA20014000),1.0,,,,0.0,,,,,0
290,06/13/2022,43241696920.0,REMOVAL OF OPTION DUE TO EXPIRATION (0RBLX.FA20037500),1.0,,,,0.0,,,,,0
291,06/13/2022,43241713468.0,REMOVAL OF OPTION DUE TO EXPIRATION (0CPNG.FA20013500),2.0,,,,0.0,,,,,0
292,06/13/2022,43248716738.0,Sold 100 AMD @ 91.175,100.0,AMD,91.175,0.0,9117.28,0.22,,,,0
293,06/14/2022,43281106268.0,Bought 1 PYPL Jun 17 2022 92.0 Call @ 0.03,1.0,PYPL Jun 17 2022 92.0 Call,0.03,0.0,-3.01,0.01,,,,0
294,06/14/2022,43281523157.0,Bought 1 PYPL Jun 17 2022 78.0 Put @ 5.76,1.0,PYPL Jun 17 2022 78.0 Put,5.76,0.65,-576.66,0.01,,,,0
295,06/14/2022,43281523179.0,Sold 1 PYPL Jul 1 2022 76.0 Put @ 6.02,1.0,PYPL Jul 1 2022 76.0 Put,6.02,0.65,601.33,0.02,,,,0
296,06/14/2022,43282404363.0,Sold 1 DKNG Jun 24 2022 14.0 Call @ 0.14,1.0,DKNG Jun 24 2022 14.0 Call,0.14,0.65,13.34,0.01,,,,0
297,06/14/2022,43282469665.0,Bought 4 MVIS Jun 17 2022 4.5 Call @ 0.01,4.0,MVIS Jun 17 2022 4.5 Call,0.01,0.0,-4.04,0.04,,,,0
298,06/15/2022,43318497281.0,Sold 1 RBLX Jun 24 2022 34.5 Call @ 0.29,1.0,RBLX Jun 24 2022 34.5 Call,0.29,0.65,28.34,0.01,,,,0
299,06/15/2022,43318559473.0,Sold 2 CHPT Jun 24 2022 15.5 Call @ 0.14,2.0,CHPT Jun 24 2022 15.5 Call,0.14,1.3,26.68,0.02,,,,0
300,06/15/2022,43318592579.0,Sold 1 CPNG Jun 24 2022 13.5 Call @ 0.11,1.0,CPNG Jun 24 2022 13.5 Call,0.11,0.65,10.34,0.01,,,,0
301,06/15/2022,43318595092.0,Sold 1 CPNG Jun 24 2022 13.5 Call @ 0.12,1.0,CPNG Jun 24 2022 13.5 Call,0.12,0.65,11.34,0.01,,,,0
302,06/15/2022,43318668312.0,Sold 1 PYPL Jun 24 2022 83.0 Call @ 0.47,1.0,PYPL Jun 24 2022 83.0 Call,0.47,0.65,46.34,0.01,,,,0
303,06/16/2022,43352850825.0,Bought 2 FUBO Jun 17 2022 4.0 Call @ 0.01,2.0,FUBO Jun 17 2022 4.0 Call,0.01,0.0,-2.02,0.02,,,,0
304,06/16/2022,43352853798.0,Bought 2 CHWY Jun 17 2022 33.0 Call @ 0.03,2.0,CHWY Jun 17 2022 33.0 Call,0.03,0.0,-6.02,0.02,,,,0
305,06/16/2022,43352917822.0,Sold 2 CHWY Jun 24 2022 32.5 Call @ 0.39,2.0,CHWY Jun 24 2022 32.5 Call,0.39,1.3,76.68,0.02,,,,0
306,06/17/2022,43385149339.0,Sold 1 CHPT Jun 24 2022 14.0 Call @ 0.7,1.0,CHPT Jun 24 2022 14.0 Call,0.7,0.65,69.34,0.01,,,,0
307,06/17/2022,43385150253.0,Bought 1 CHPT Jun 17 2022 13.5 Call @ 0.64,1.0,CHPT Jun 17 2022 13.5 Call,0.64,0.65,-64.66,0.01,,,,0
308,06/22/2022,43437156685.0,Bought 2 CHWY Jun 24 2022 32.5 Call @ 1.11,2.0,CHWY Jun 24 2022 32.5 Call,1.11,1.3,-223.32,0.02,,,,0
309,06/22/2022,43437157158.0,Sold 2 CHWY Jul 1 2022 34.0 Call @ 1.22,2.0,CHWY Jul 1 2022 34.0 Call,1.22,1.3,242.67,0.03,,,,0
310,06/22/2022,43437304900.0,Bought 1 PYPL Jun 24 2022 83.0 Call @ 0.03,1.0,PYPL Jun 24 2022 83.0 Call,0.03,0.0,-3.01,0.01,,,,0
311,06/22/2022,43437396064.0,Sold 1 PYPL Jul 1 2022 79.0 Call @ 0.78,1.0,PYPL Jul 1 2022 79.0 Call,0.78,0.65,77.34,0.01,,,,0
312,06/23/2022,43465009918.0,Sold 1 RBLX Jul 1 2022 37.0 Call @ 1.09,1.0,RBLX Jul 1 2022 37.0 Call,1.09,0.65,108.34,0.01,,,,0
313,06/23/2022,43465009979.0,Bought 1 RBLX Jun 24 2022 34.5 Call @ 0.86,1.0,RBLX Jun 24 2022 34.5 Call,0.86,0.65,-86.66,0.01,,,,0
314,06/24/2022,43493975914.0,Bought 1 CHPT Jun 24 2022 14.0 Call @ 1.22,1.0,CHPT Jun 24 2022 14.0 Call,1.22,0.65,-122.66,0.01,,,,0
315,06/24/2022,43493978273.0,Sold 1 CHPT Jul 1 2022 14.5 Call @ 1.18,1.0,CHPT Jul 1 2022 14.5 Call,1.18,0.65,117.34,0.01,,,,0
316,06/24/2022,43494376023.0,Bought 1 DKNG Jun 24 2022 14.0 Call @ 0.08,1.0,DKNG Jun 24 2022 14.0 Call,0.08,0.65,-8.66,0.01,,,,0
317,06/27/2022,43514008970.0,REMOVAL OF OPTION DUE TO EXPIRATION (0CPNG.FO20013500),2.0,,,,0.0,,,,,0
318,06/27/2022,43514109284.0,REMOVAL OF OPTION DUE TO EXPIRATION (0CHPT.FO20015500),2.0,,,,0.0,,,,,0
319,06/27/2022,43530284055.0,Sold 1 CHWY Jul 1 2022 37.0 Put @ 1.04,1.0,CHWY Jul 1 2022 37.0 Put,1.04,0.65,103.34,0.01,,,,0
320,06/29/2022,43589900746.0,Sold 1 PYPL Jul 8 2022 75.0 Put @ 4.74,1.0,PYPL Jul 8 2022 75.0 Put,4.74,0.65,473.33,0.02,,,,0
321,06/29/2022,43589900829.0,Bought 1 PYPL Jul 1 2022 76.0 Put @ 4.77,1.0,PYPL Jul 1 2022 76.0 Put,4.77,0.65,-477.66,0.01,,,,0
322,06/29/2022,43590051475.0,Bought 1 CHWY Jul 1 2022 37.0 Put @ 2.16,1.0,CHWY Jul 1 2022 37.0 Put,2.16,0.65,-216.66,0.01,,,,0
323,06/29/2022,43590051597.0,Sold 1 CHWY Jul 8 2022 36.0 Put @ 2.17,1.0,CHWY Jul 8 2022 36.0 Put,2.17,0.65,216.34,0.01,,,,0
324,06/29/2022,43590130028.0,Sold 2 CPNG Jul 8 2022 14.5 Call @ 0.12,2.0,CPNG Jul 8 2022 14.5 Call,0.12,1.3,22.68,0.02,,,,0
325,06/29/2022,43590143353.0,Sold 1 DKNG Jul 8 2022 14.0 Call @ 0.19,1.0,DKNG Jul 8 2022 14.0 Call,0.19,0.65,18.34,0.01,,,,0
326,06/29/2022,43590165983.0,Sold 1 PTON Jul 8 2022 10.5 Call @ 0.21,1.0,PTON Jul 8 2022 10.5 Call,0.21,0.65,20.34,0.01,,,,0
327,06/29/2022,43590203651.0,Bought 1 PYPL Jul 1 2022 79.0 Call @ 0.08,1.0,PYPL Jul 1 2022 79.0 Call,0.08,0.65,-8.66,0.01,,,,0
328,06/29/2022,43590208983.0,Sold 1 PYPL Jul 8 2022 78.0 Call @ 0.63,1.0,PYPL Jul 8 2022 78.0 Call,0.63,0.65,62.34,0.01,,,,0
329,06/29/2022,43590236878.0,Sold 1 AMD Jul 8 2022 71.0 Put @ 0.86,1.0,AMD Jul 8 2022 71.0 Put,0.86,0.65,85.34,0.01,,,,0
330,06/30/2022,43656318584.0,MARGIN INTEREST ADJUSTMENT,,,,,-1.55,,,,,0
331,06/30/2022,43656318585.0,FREE BALANCE INTEREST ADJUSTMENT,,,,,0.01,,,,,0
332,07/01/2022,43687544091.0,Bought 2 CHWY Jul 1 2022 34.0 Call @ 2.22,2.0,CHWY Jul 1 2022 34.0 Call,2.22,1.3,-445.32,0.02,,,,0
333,07/01/2022,43687544268.0,Sold 2 CHWY Jul 8 2022 34.5 Call @ 2.51,2.0,CHWY Jul 8 2022 34.5 Call,2.51,1.3,500.67,0.03,,,,0
334,07/01/2022,43687671210.0,Bought 1 CHPT Jul 1 2022 14.5 Call @ 0.02,1.0,CHPT Jul 1 2022 14.5 Call,0.02,0.0,-2.01,0.01,,,,0
335,07/01/2022,43687686553.0,Bought 1 RBLX Jul 1 2022 37.0 Call @ 0.05,1.0,RBLX Jul 1 2022 37.0 Call,0.05,0.0,-5.01,0.01,,,,0
336,07/06/2022,43748883573.0,Sold 2 CPNG Jul 15 2022 14.5 Call @ 1.67,2.0,CPNG Jul 15 2022 14.5 Call,1.67,1.3,332.67,0.03,,,,0
337,07/06/2022,43748883598.0,Bought 2 CPNG Jul 8 2022 14.5 Call @ 1.47,2.0,CPNG Jul 8 2022 14.5 Call,1.47,1.3,-295.32,0.02,,,,0
338,07/06/2022,43749753329.0,Bought 1 PYPL Jul 8 2022 75.0 Put @ 2.42,1.0,PYPL Jul 8 2022 75.0 Put,2.42,0.65,-242.66,0.01,,,,0
339,07/06/2022,43749753653.0,Sold 1 PYPL Jul 15 2022 73.0 Put @ 2.57,1.0,PYPL Jul 15 2022 73.0 Put,2.57,0.65,256.33,0.02,,,,0
340,07/06/2022,43750870769.0,Bought 2 CHWY Jul 8 2022 34.5 Call @ 4.69,2.0,CHWY Jul 8 2022 34.5 Call,4.69,1.3,-939.32,0.02,,,,0
341,07/06/2022,43750870895.0,Sold 2 CHWY Jul 15 2022 35.0 Call @ 4.74,2.0,CHWY Jul 15 2022 35.0 Call,4.74,1.3,946.66,0.04,,,,0
342,07/06/2022,43750947987.0,Sold 1 CHWY Jul 15 2022 33.0 Put @ 0.31,1.0,CHWY Jul 15 2022 33.0 Put,0.31,0.65,30.34,0.01,,,,0
343,07/07/2022,43779251759.0,Bought 1 AMD Jul 8 2022 71.0 Put @ 0.02,1.0,AMD Jul 8 2022 71.0 Put,0.02,0.0,-2.01,0.01,,,,0
344,07/07/2022,43779267444.0,Bought 1 CHWY Jul 8 2022 36.0 Put @ 0.03,1.0,CHWY Jul 8 2022 36.0 Put,0.03,0.0,-3.01,0.01,,,,0
345,07/07/2022,43779303860.0,Bought 1 DKNG Jul 8 2022 14.0 Call @ 0.03,1.0,DKNG Jul 8 2022 14.0 Call,0.03,0.0,-3.01,0.01,,,,0
346,07/07/2022,43779312808.0,Bought 1 PTON Jul 8 2022 10.5 Call @ 0.31,1.0,PTON Jul 8 2022 10.5 Call,0.31,0.65,-31.66,0.01,,,,0
347,07/07/2022,43779312862.0,Sold 1 PTON Jul 15 2022 11.5 Call @ 0.31,1.0,PTON Jul 15 2022 11.5 Call,0.31,0.65,30.34,0.01,,,,0
348,07/07/2022,43779345932.0,Bought 100 ARVL @ 1.615,100.0,ARVL,1.615,0.0,-161.5,,,,,0
349,07/07/2022,43779364937.0,Bought 100 MVIS @ 4.925,100.0,MVIS,4.925,0.0,-492.5,,,,,0
350,07/07/2022,43779434280.0,Sold 1 CHPT Jul 15 2022 14.0 Put @ 0.91,1.0,CHPT Jul 15 2022 14.0 Put,0.91,0.65,90.34,0.01,,,,0
351,07/07/2022,43779463397.0,Bought 1 PYPL Jul 8 2022 78.0 Call @ 0.16,1.0,PYPL Jul 8 2022 78.0 Call,0.16,0.65,-16.66,0.01,,,,0
352,07/07/2022,43779486752.0,Sold 1 PYPL Jul 15 2022 81.0 Call @ 0.56,1.0,PYPL Jul 15 2022 81.0 Call,0.56,0.65,55.34,0.01,,,,0
353,07/08/2022,43804791819.0,Sold 1 DKNG Jul 15 2022 14.5 Call @ 0.14,1.0,DKNG Jul 15 2022 14.5 Call,0.14,0.65,13.34,0.01,,,,0
354,07/08/2022,43804890229.0,Sold 1 RBLX Jul 15 2022 47.0 Call @ 0.45,1.0,RBLX Jul 15 2022 47.0 Call,0.45,0.65,44.34,0.01,,,,0
355,07/08/2022,43805203184.0,Sold 2 CHPT Jul 15 2022 16.5 Call @ 0.17,2.0,CHPT Jul 15 2022 16.5 Call,0.17,1.3,32.68,0.02,,,,0
356,07/08/2022,43804899372.0,Sold 1 CHPT Jul 15 2022 16.5 Call @ 0.17,1.0,CHPT Jul 15 2022 16.5 Call,0.17,0.65,16.34,0.01,,,,0
357,07/12/2022,43859389321.0,Bought 1 CHWY Jul 15 2022 33.0 Put @ 0.02,1.0,CHWY Jul 15 2022 33.0 Put,0.02,0.0,-2.01,0.01,,,,0
358,07/12/2022,43860322920.0,Bought 1 DKNG Jul 15 2022 14.5 Call @ 0.03,1.0,DKNG Jul 15 2022 14.5 Call,0.03,0.0,-3.01,0.01,,,,0
359,07/13/2022,43878859727.0,Bought 1 PYPL Jul 15 2022 81.0 Call @ 0.03,1.0,PYPL Jul 15 2022 81.0 Call,0.03,0.0,-3.01,0.01,,,,0
360,07/13/2022,43878866598.0,Bought 1 RBLX Jul 15 2022 47.0 Call @ 0.03,1.0,RBLX Jul 15 2022 47.0 Call,0.03,0.0,-3.01,0.01,,,,0
361,07/13/2022,43878898522.0,Bought 1 BMBL Jul 15 2022 30.0 Call @ 3.41,1.0,BMBL Jul 15 2022 30.0 Call,3.41,0.65,-341.66,0.01,,,,0
362,07/13/2022,43878898583.0,Sold 1 BMBL Aug 19 2022 35.0 Call @ 3.02,1.0,BMBL Aug 19 2022 35.0 Call,3.02,0.65,301.33,0.02,,,,0
363,07/13/2022,43878921859.0,Bought 3 CHPT Jul 15 2022 16.5 Call @ 0.02,3.0,CHPT Jul 15 2022 16.5 Call,0.02,0.0,-6.03,0.03,,,,0
364,07/13/2022,43878948403.0,Bought 2 CHWY Jul 15 2022 35.0 Call @ 9.15,2.0,CHWY Jul 15 2022 35.0 Call,9.15,1.3,-1831.32,0.02,,,,0
365,07/13/2022,43878971090.0,Sold 1 CHWY Jul 22 2022 49.0 Call @ 0.74,1.0,CHWY Jul 22 2022 49.0 Call,0.74,0.65,73.34,0.01,,,,0
366,07/13/2022,43879077610.0,Bought 1 PTON Jul 15 2022 11.5 Call @ 0.03,1.0,PTON Jul 15 2022 11.5 Call,0.03,0.0,-3.01,0.01,,,,0
367,07/13/2022,43879148729.0,Sold 1 RBLX Jul 22 2022 42.5 Call @ 0.56,1.0,RBLX Jul 22 2022 42.5 Call,0.56,0.65,55.34,0.01,,,,0
368,07/13/2022,43879174407.0,Sold 1 PTON Jul 22 2022 10.5 Call @ 0.16,1.0,PTON Jul 22 2022 10.5 Call,0.16,0.65,15.34,0.01,,,,0
369,07/13/2022,43879192181.0,Sold 3 CHPT Jul 22 2022 14.0 Call @ 0.15,3.0,CHPT Jul 22 2022 14.0 Call,0.15,1.95,43.01,0.04,,,,0
370,07/13/2022,43879205311.0,Sold 1 PYPL Jul 22 2022 71.0 Put @ 2.61,1.0,PYPL Jul 22 2022 71.0 Put,2.61,0.65,260.33,0.02,,,,0
371,07/13/2022,43879205406.0,Bought 1 PYPL Jul 15 2022 73.0 Put @ 2.54,1.0,PYPL Jul 15 2022 73.0 Put,2.54,0.65,-254.66,0.01,,,,0
372,07/13/2022,43879300035.0,Sold 1 CHPT Jul 22 2022 14.0 Put @ 2.14,1.0,CHPT Jul 22 2022 14.0 Put,2.14,0.65,213.34,0.01,,,,0
373,07/13/2022,43879300073.0,Bought 1 CHPT Jul 15 2022 14.0 Put @ 2.01,1.0,CHPT Jul 15 2022 14.0 Put,2.01,0.65,-201.66,0.01,,,,0
374,07/13/2022,43879339335.0,Sold 1 DKNG Jul 22 2022 13.0 Call @ 0.24,1.0,DKNG Jul 22 2022 13.0 Call,0.24,0.65,23.34,0.01,,,,0
375,07/15/2022,43923683787.0,Sold 1 PYPL Jul 22 2022 79.0 Call @ 0.37,1.0,PYPL Jul 22 2022 79.0 Call,0.37,0.65,36.34,0.01,,,,0
376,07/18/2022,43938439633.0,Sold 200 CPNG @ 14.5,200.0,CPNG,14.5,,2899.9,0.1,,,,0
377,07/18/2022,43938653636.0,REMOVAL OF OPTION DUE TO ASSIGNMENT (0CPNG.GF20014500),2.0,,,,0.0,,,,,0
378,07/18/2022,43948669615.0,Bought 200 CPNG @ 16.19,200.0,CPNG,16.19,0.0,-3238.0,,,,,0
379,07/18/2022,43948739581.0,Bought 200 MVIS @ 5.225,200.0,MVIS,5.225,0.0,-1045.0,,,,,0
380,07/21/2022,44016288960.0,Bought 1 PYPL Jul 22 2022 71.0 Put @ 0.01,1.0,PYPL Jul 22 2022 71.0 Put,0.01,0.0,-1.01,0.01,,,,0
381,07/21/2022,44019324109.0,Sold 1 DKNG Jul 29 2022 13.0 Call @ 1.4,1.0,DKNG Jul 29 2022 13.0 Call,1.4,0.65,139.34,0.01,,,,0
382,07/21/2022,44019324116.0,Bought 1 DKNG Jul 22 2022 13.0 Call @ 1.15,1.0,DKNG Jul 22 2022 13.0 Call,1.15,0.65,-115.66,0.01,,,,0
383,07/21/2022,44019363571.0,Sold 3 CHPT Jul 29 2022 14.5 Call @ 0.81,3.0,CHPT Jul 29 2022 14.5 Call,0.81,1.95,241.0,0.05,,,,0
384,07/21/2022,44019363585.0,Bought 3 CHPT Jul 22 2022 14.0 Call @ 0.81,3.0,CHPT Jul 22 2022 14.0 Call,0.81,1.95,-244.98,0.03,,,,0
385,07/21/2022,44019855769.0,Sold 1 PTON Jul 29 2022 11.0 Call @ 0.74,1.0,PTON Jul 29 2022 11.0 Call,0.74,0.65,73.34,0.01,,,,0
386,07/21/2022,44019856837.0,Bought 1 PTON Jul 22 2022 10.5 Call @ 0.74,1.0,PTON Jul 22 2022 10.5 Call,0.74,0.65,-74.66,0.01,,,,0
387,07/21/2022,44019889718.0,Sold 1 PYPL Jul 29 2022 81.0 Call @ 3.68,1.0,PYPL Jul 29 2022 81.0 Call,3.68,0.65,367.33,0.02,,,,0
388,07/21/2022,44019889768.0,Bought 1 PYPL Jul 22 2022 79.0 Call @ 3.47,1.0,PYPL Jul 22 2022 79.0 Call,3.47,0.65,-347.66,0.01,,,,0
389,07/22/2022,44044598380.0,Bought 1 RBLX Jul 22 2022 42.5 Call @ 0.01,1.0,RBLX Jul 22 2022 42.5 Call,0.01,0.0,-1.01,0.01,,,,0
390,07/22/2022,44044644754.0,Bought 1 CHWY Jul 22 2022 49.0 Call @ 0.01,1.0,CHWY Jul 22 2022 49.0 Call,0.01,0.0,-1.01,0.01,,,,0
391,07/22/2022,44044854192.0,CLIENT REQUESTED ELECTRONIC FUNDING RECEIPT (FUNDS NOW),,,,,6000.0,,,,,0
392,07/22/2022,44044911538.0,Bought 1 CHPT Jul 22 2022 14.0 Put @ 0.07,1.0,CHPT Jul 22 2022 14.0 Put,0.07,0.65,-7.66,0.01,,,,0
393,07/25/2022,44064367853.0,Sold 2 CHWY Jul 29 2022 48.0 Call @ 0.2,2.0,CHWY Jul 29 2022 48.0 Call,0.2,1.3,38.68,0.02,,,,0
394,07/25/2022,44064472087.0,Sold 1 RBLX Jul 29 2022 44.0 Call @ 0.31,1.0,RBLX Jul 29 2022 44.0 Call,0.31,0.65,30.34,0.01,,,,0
395,07/25/2022,44064521089.0,Sold 1 PYPL Jul 29 2022 75.0 Put @ 0.45,1.0,PYPL Jul 29 2022 75.0 Put,0.45,0.65,44.34,0.01,,,,0
396,07/25/2022,44064632929.0,Sold 1 MVIS Jul 29 2022 4.5 Put @ 0.23,1.0,MVIS Jul 29 2022 4.5 Put,0.23,0.65,22.34,0.01,,,,0
397,07/26/2022,44087573182.0,Bought 2 CHWY Jul 29 2022 48.0 Call @ 0.03,2.0,CHWY Jul 29 2022 48.0 Call,0.03,0.0,-6.02,0.02,,,,0
398,07/27/2022,44110435809.0,Sold 1 PYPL Aug 5 2022 85.0 Call @ 5.71,1.0,PYPL Aug 5 2022 85.0 Call,5.71,0.65,570.33,0.02,,,,0
399,07/27/2022,44110435902.0,Bought 1 PYPL Jul 29 2022 81.0 Call @ 5.25,1.0,PYPL Jul 29 2022 81.0 Call,5.25,0.65,-525.66,0.01,,,,0
400,07/27/2022,44110538128.0,Bought 1 PTON Jul 29 2022 11.0 Call @ 0.03,1.0,PTON Jul 29 2022 11.0 Call,0.03,0.0,-3.01,0.01,,,,0
401,07/27/2022,44110563034.0,Sold 1 PYPL Aug 5 2022 85.0 Put @ 5,1.0,PYPL Aug 5 2022 85.0 Put,5.0,0.65,499.33,0.02,,,,0
402,07/27/2022,44110593378.0,Sold 2 CPNG Aug 5 2022 19.5 Call @ 0.15,2.0,CPNG Aug 5 2022 19.5 Call,0.15,1.3,28.68,0.02,,,,0
403,07/27/2022,44110670824.0,Bought 1 PYPL Jul 29 2022 75.0 Put @ 0.06,1.0,PYPL Jul 29 2022 75.0 Put,0.06,0.65,-6.66,0.01,,,,0
404,07/27/2022,44110691862.0,Sold 2 CHWY Aug 5 2022 44.0 Call @ 0.45,2.0,CHWY Aug 5 2022 44.0 Call,0.45,1.3,88.68,0.02,,,,0
405,07/27/2022,44110712782.0,Sold 1 CHWY Aug 5 2022 35.0 Put @ 0.69,1.0,CHWY Aug 5 2022 35.0 Put,0.69,0.65,68.34,0.01,,,,0
406,07/27/2022,44110732820.0,Sold 1 PTON Aug 5 2022 10.5 Call @ 0.13,1.0,PTON Aug 5 2022 10.5 Call,0.13,0.65,12.34,0.01,,,,0
407,07/27/2022,44112505553.0,FREE BALANCE INTEREST ADJUSTMENT,,,,,0.07,,,,,0
408,07/29/2022,44169705067.0,Bought 1 MVIS Jul 29 2022 4.5 Put @ 0.01,1.0,MVIS Jul 29 2022 4.5 Put,0.01,0.0,-1.01,0.01,,,,0
409,07/29/2022,44170530680.0,Sold 1 DKNG Aug 5 2022 14.0 Call @ 0.62,1.0,DKNG Aug 5 2022 14.0 Call,0.62,0.65,61.34,0.01,,,,0
410,07/29/2022,44170530747.0,Bought 1 DKNG Jul 29 2022 13.0 Call @ 0.62,1.0,DKNG Jul 29 2022 13.0 Call,0.62,0.65,-62.66,0.01,,,,0
411,07/29/2022,44170690860.0,Bought 1 RBLX Jul 29 2022 44.0 Call @ 0.01,1.0,RBLX Jul 29 2022 44.0 Call,0.01,0.0,-1.01,0.01,,,,0
412,07/29/2022,44170754892.0,Sold 1 RBLX Aug 5 2022 47.0 Call @ 0.47,1.0,RBLX Aug 5 2022 47.0 Call,0.47,0.65,46.34,0.01,,,,0
413,07/29/2022,44170927965.0,Sold 3 CHPT Aug 5 2022 15.0 Call @ 0.82,3.0,CHPT Aug 5 2022 15.0 Call,0.82,1.95,244.0,0.05,,,,0
414,07/29/2022,44170928552.0,Bought 3 CHPT Jul 29 2022 14.5 Call @ 0.79,3.0,CHPT Jul 29 2022 14.5 Call,0.79,1.95,-238.98,0.03,,,,0
415,07/29/2022,44195102547.0,FREE BALANCE INTEREST ADJUSTMENT,,,,,0.36,,,,,0
416,08/01/2022,44228230954.0,CLIENT REQUESTED ELECTRONIC FUNDING RECEIPT (FUNDS NOW),,,,,6000.0,,,,,0
417,08/01/2022,44228866757.0,Bought 200 MVIS @ 5.2974,200.0,MVIS,5.2974,0.0,-1059.48,,,,,0
418,08/01/2022,44228906125.0,Bought 100 PYPL @ 88.983,100.0,PYPL,88.983,0.0,-8898.3,,,,,0
419,08/01/2022,44229033450.0,Sold 1 PYPL Aug 5 2022 103.0 Call @ 0.7,1.0,PYPL Aug 5 2022 103.0 Call,0.7,0.65,69.34,0.01,,,,0
420,08/02/2022,44259068616.0,Bought 1 CHWY Aug 5 2022 35.0 Put @ 0.03,1.0,CHWY Aug 5 2022 35.0 Put,0.03,0.0,-3.01,0.01,,,,0
421,08/03/2022,44284822046.0,Bought 1 PYPL Aug 5 2022 85.0 Put @ 0.02,1.0,PYPL Aug 5 2022 85.0 Put,0.02,0.0,-2.01,0.01,,,,0
422,08/03/2022,44287154790.0,Bought 2 CHWY Aug 5 2022 44.0 Call @ 0.36,2.0,CHWY Aug 5 2022 44.0 Call,0.36,1.3,-73.32,0.02,,,,0
423,08/03/2022,44287667366.0,Sold 2 CHWY Aug 12 2022 48.0 Call @ 0.3,2.0,CHWY Aug 12 2022 48.0 Call,0.3,1.3,58.68,0.02,,,,0
424,08/05/2022,44341932432.0,Sold 1 RBLX Aug 12 2022 52.0 Call @ 2.57,1.0,RBLX Aug 12 2022 52.0 Call,2.57,0.65,256.33,0.02,,,,0
425,08/05/2022,44341940031.0,Bought 1 RBLX Aug 5 2022 47.0 Call @ 2.3,1.0,RBLX Aug 5 2022 47.0 Call,2.3,0.65,-230.66,0.01,,,,0
426,08/05/2022,44341944582.0,Bought 1 PYPL Aug 5 2022 103.0 Call @ 0.01,1.0,PYPL Aug 5 2022 103.0 Call,0.01,0.0,-1.01,0.01,,,,0
427,08/05/2022,44341957410.0,Bought 1 PYPL Aug 5 2022 85.0 Call @ 10.55,1.0,PYPL Aug 5 2022 85.0 Call,10.55,0.65,-1055.66,0.01,,,,0
428,08/05/2022,44341957521.0,Sold 1 PYPL Aug 12 2022 85.0 Call @ 10.65,1.0,PYPL Aug 12 2022 85.0 Call,10.65,0.65,1064.32,0.03,,,,0
429,08/05/2022,44341968113.0,Bought 1 PTON Aug 5 2022 10.5 Call @ 1.17,1.0,PTON Aug 5 2022 10.5 Call,1.17,0.65,-117.66,0.01,,,,0
430,08/05/2022,44341968138.0,Sold 1 PTON Aug 12 2022 10.5 Call @ 1.43,1.0,PTON Aug 12 2022 10.5 Call,1.43,0.65,142.34,0.01,,,,0
431,08/05/2022,44341976397.0,Sold 1 DKNG Aug 12 2022 14.0 Call @ 4.6,1.0,DKNG Aug 12 2022 14.0 Call,4.6,0.65,459.33,0.02,,,,0
432,08/05/2022,44341976544.0,Bought 1 DKNG Aug 5 2022 14.0 Call @ 4.6,1.0,DKNG Aug 5 2022 14.0 Call,4.6,0.65,-460.66,0.01,,,,0
433,08/05/2022,44349258176.0,Sold 1 CHPT Aug 12 2022 15.5 Call @ 0.94,1.0,CHPT Aug 12 2022 15.5 Call,0.94,0.65,93.34,0.01,,,,0
434,08/05/2022,44349258194.0,Bought 1 CHPT Aug 5 2022 15.0 Call @ 0.96,1.0,CHPT Aug 5 2022 15.0 Call,0.96,0.65,-96.66,0.01,,,,0
435,08/05/2022,44342022660.0,Sold 2 CHPT Aug 12 2022 15.0 Call @ 1.27,2.0,CHPT Aug 12 2022 15.0 Call,1.27,1.3,252.67,0.03,,,,0
436,08/05/2022,44342022849.0,Bought 2 CHPT Aug 5 2022 15.0 Call @ 0.97,2.0,CHPT Aug 5 2022 15.0 Call,0.97,1.3,-195.32,0.02,,,,0
437,08/05/2022,44342041469.0,Bought 2 CPNG Aug 5 2022 19.5 Call @ 0.08,2.0,CPNG Aug 5 2022 19.5 Call,0.08,1.3,-17.32,0.02,,,,0
438,08/11/2022,44447790032.0,Bought 1 RBLX Aug 12 2022 52.0 Call @ 2.37,1.0,RBLX Aug 12 2022 52.0 Call,2.37,0.65,-237.66,0.01,,,,0
439,08/11/2022,44447790596.0,Sold 1 RBLX Aug 19 2022 54.0 Call @ 2.5,1.0,RBLX Aug 19 2022 54.0 Call,2.5,0.65,249.33,0.02,,,,0
440,08/11/2022,44448045323.0,Sold 2 CHWY Aug 19 2022 49.0 Call @ 3.3,2.0,CHWY Aug 19 2022 49.0 Call,3.3,1.3,658.66,0.04,,,,0
441,08/11/2022,44448047067.0,Bought 2 CHWY Aug 12 2022 48.0 Call @ 3.2,2.0,CHWY Aug 12 2022 48.0 Call,3.2,1.3,-641.32,0.02,,,,0
442,08/11/2022,44448089834.0,Sold 1 PTON Aug 19 2022 10.5 Call @ 2.78,1.0,PTON Aug 19 2022 10.5 Call,2.78,0.65,277.33,0.02,,,,0
443,08/11/2022,44448093095.0,Bought 1 PTON Aug 12 2022 10.5 Call @ 2.7,1.0,PTON Aug 12 2022 10.5 Call,2.7,0.65,-270.66,0.01,,,,0
444,08/11/2022,44448164126.0,Sold 1 CHPT Aug 19 2022 15.5 Call @ 1.41,1.0,CHPT Aug 19 2022 15.5 Call,1.41,0.65,140.34,0.01,,,,0
445,08/11/2022,44448168303.0,Bought 1 CHPT Aug 12 2022 15.5 Call @ 1.17,1.0,CHPT Aug 12 2022 15.5 Call,1.17,0.65,-117.66,0.01,,,,0
446,08/11/2022,44448255896.0,Sold 2 CHPT Aug 19 2022 15.0 Call @ 1.85,2.0,CHPT Aug 19 2022 15.0 Call,1.85,1.3,368.67,0.03,,,,0
447,08/11/2022,44448257487.0,Bought 2 CHPT Aug 12 2022 15.0 Call @ 1.7,2.0,CHPT Aug 12 2022 15.0 Call,1.7,1.3,-341.32,0.02,,,,0
448,08/11/2022,44448374961.0,Sold 1 DKNG Aug 19 2022 14.0 Call @ 5.93,1.0,DKNG Aug 19 2022 14.0 Call,5.93,0.65,592.33,0.02,,,,0
449,08/11/2022,44448375668.0,Bought 1 DKNG Aug 12 2022 14.0 Call @ 5.93,1.0,DKNG Aug 12 2022 14.0 Call,5.93,0.65,-593.66,0.01,,,,0
450,08/11/2022,44448445892.0,Sold 1 PYPL Aug 19 2022 85.0 Call @ 15.75,1.0,PYPL Aug 19 2022 85.0 Call,15.75,0.65,1574.3,0.05,,,,0
451,08/11/2022,44448447755.0,Bought 1 PYPL Aug 12 2022 85.0 Call @ 15.65,1.0,PYPL Aug 12 2022 85.0 Call,15.65,0.65,-1565.66,0.01,,,,0
452,08/18/2022,44580830122.0,Bought 1 RBLX Aug 19 2022 54.0 Call @ 0.02,1.0,RBLX Aug 19 2022 54.0 Call,0.02,0.0,-2.01,0.01,,,,0
453,08/18/2022,44580886709.0,Bought 1 PTON Aug 19 2022 10.5 Call @ 2.14,1.0,PTON Aug 19 2022 10.5 Call,2.14,0.65,-214.66,0.01,,,,0
454,08/18/2022,44580888048.0,Sold 1 PTON Aug 26 2022 11.0 Call @ 2.27,1.0,PTON Aug 26 2022 11.0 Call,2.27,0.65,226.33,0.02,,,,0
455,08/18/2022,44580964305.0,Sold 1 PYPL Aug 26 2022 85.0 Call @ 13.88,1.0,PYPL Aug 26 2022 85.0 Call,13.88,0.65,1387.31,0.04,,,,0
456,08/18/2022,44580965178.0,Bought 1 PYPL Aug 19 2022 85.0 Call @ 13.75,1.0,PYPL Aug 19 2022 85.0 Call,13.75,0.65,-1375.66,0.01,,,,0
457,08/18/2022,44580999899.0,Sold 1 DKNG Aug 26 2022 14.0 Call @ 5.72,1.0,DKNG Aug 26 2022 14.0 Call,5.72,0.65,571.33,0.02,,,,0
458,08/18/2022,44580999972.0,Bought 1 DKNG Aug 19 2022 14.0 Call @ 5.72,1.0,DKNG Aug 19 2022 14.0 Call,5.72,0.65,-572.66,0.01,,,,0
459,08/18/2022,44581015339.0,Bought 2 CHPT Aug 19 2022 15.0 Call @ 1.8,2.0,CHPT Aug 19 2022 15.0 Call,1.8,1.3,-361.32,0.02,,,,0
460,08/18/2022,44581016532.0,Sold 2 CHPT Aug 26 2022 15.0 Call @ 1.97,2.0,CHPT Aug 26 2022 15.0 Call,1.97,1.3,392.67,0.03,,,,0
461,08/18/2022,44581017357.0,Bought 1 CHPT Aug 19 2022 15.5 Call @ 1.3,1.0,CHPT Aug 19 2022 15.5 Call,1.3,0.65,-130.66,0.01,,,,0
462,08/18/2022,44581017484.0,Sold 1 CHPT Aug 26 2022 15.5 Call @ 1.54,1.0,CHPT Aug 26 2022 15.5 Call,1.54,0.65,153.34,0.01,,,,0
463,08/22/2022,44620205341.0,REMOVAL OF OPTION DUE TO EXPIRATION (0CHWY.HJ20049000),2.0,,,,0.0,,,,,0
464,08/22/2022,44620769407.0,REMOVAL OF OPTION DUE TO EXPIRATION (0BMBL.HJ20035000),1.0,,,,0.0,,,,,0
465,08/24/2022,44672264186.0,Sold 2 CHWY Sep 2 2022 51.0 Call @ 0.52,2.0,CHWY Sep 2 2022 51.0 Call,0.52,1.3,102.68,0.02,,,,0
466,08/24/2022,44672325479.0,Sold 1 RBLX Sep 2 2022 49.0 Call @ 0.31,1.0,RBLX Sep 2 2022 49.0 Call,0.31,0.65,30.34,0.01,,,,0
467,08/25/2022,44693584660.0,Sold 1 CHPT Sep 2 2022 16.5 Call @ 0.5,1.0,CHPT Sep 2 2022 16.5 Call,0.5,0.65,49.34,0.01,,,,0
468,08/25/2022,44693593923.0,Bought 1 CHPT Aug 26 2022 15.5 Call @ 0.36,1.0,CHPT Aug 26 2022 15.5 Call,0.36,0.65,-36.66,0.01,,,,0
469,08/25/2022,44693606110.0,Bought 2 CHPT Aug 26 2022 15.0 Call @ 0.63,2.0,CHPT Aug 26 2022 15.0 Call,0.63,1.3,-127.32,0.02,,,,0
470,08/25/2022,44693606281.0,Sold 2 CHPT Sep 2 2022 16.0 Call @ 0.68,2.0,CHPT Sep 2 2022 16.0 Call,0.68,1.3,134.68,0.02,,,,0
471,08/25/2022,44693699267.0,Bought 1 DKNG Aug 26 2022 14.0 Call @ 3.86,1.0,DKNG Aug 26 2022 14.0 Call,3.86,0.65,-386.66,0.01,,,,0
472,08/25/2022,44693700180.0,Sold 1 DKNG Sep 2 2022 14.0 Call @ 3.9,1.0,DKNG Sep 2 2022 14.0 Call,3.9,0.65,389.33,0.02,,,,0
473,08/25/2022,44693756119.0,Sold 1 PYPL Sep 2 2022 85.0 Call @ 10.65,1.0,PYPL Sep 2 2022 85.0 Call,10.65,0.65,1064.32,0.03,,,,0
474,08/25/2022,44693757747.0,Bought 1 PYPL Aug 26 2022 85.0 Call @ 10.4,1.0,PYPL Aug 26 2022 85.0 Call,10.4,0.65,-1040.66,0.01,,,,0
475,08/25/2022,44693756011.0,Sold 1 PYPL Sep 2 2022 91.0 Put @ 1.01,1.0,PYPL Sep 2 2022 91.0 Put,1.01,0.65,100.34,0.01,,,,0
476,08/26/2022,44724488836.0,Bought 1 PTON Aug 26 2022 11.0 Call @ 0.01,1.0,PTON Aug 26 2022 11.0 Call,0.01,0.0,-1.01,0.01,,,,0
477,08/31/2022,44826827411.0,FREE BALANCE INTEREST ADJUSTMENT,,,,,0.4,,,,,0
478,09/02/2022,44893347935.0,Bought 2 CHPT Sep 2 2022 16.0 Call @ 0.01,2.0,CHPT Sep 2 2022 16.0 Call,0.01,0.0,-2.02,0.02,,,,0
479,09/02/2022,44893350635.0,Bought 1 CHPT Sep 2 2022 16.5 Call @ 0.01,1.0,CHPT Sep 2 2022 16.5 Call,0.01,0.0,-1.01,0.01,,,,0
480,09/02/2022,44893349476.0,Bought 2 CHWY Sep 2 2022 51.0 Call @ 0.01,2.0,CHWY Sep 2 2022 51.0 Call,0.01,0.0,-2.02,0.02,,,,0
481,09/02/2022,44893491909.0,Bought 1 RBLX Sep 2 2022 49.0 Call @ 0.01,1.0,RBLX Sep 2 2022 49.0 Call,0.01,0.0,-1.01,0.01,,,,0
482,09/02/2022,44893518653.0,Bought 1 PYPL Sep 2 2022 85.0 Call @ 5.92,1.0,PYPL Sep 2 2022 85.0 Call,5.92,0.65,-592.66,0.01,,,,0
483,09/02/2022,44893518725.0,Sold 1 PYPL Sep 16 2022 86.0 Call @ 6.57,1.0,PYPL Sep 16 2022 86.0 Call,6.57,0.65,656.32,0.03,,,,0
484,09/02/2022,44893608147.0,Sold 1 RBLX Sep 9 2022 41.5 Call @ 0.28,1.0,RBLX Sep 9 2022 41.5 Call,0.28,0.65,27.34,0.01,,,,0
485,09/02/2022,44893647644.0,Sold 1 BMBL Oct 21 2022 30.0 Call @ 0.75,1.0,BMBL Oct 21 2022 30.0 Call,0.75,0.65,74.34,0.01,,,,0
486,09/06/2022,44907266769.0,Sold 100 DKNG @ 14,100.0,DKNG,14.0,,1399.96,0.04,,,,0
487,09/06/2022,44907310266.0,REMOVAL OF OPTION DUE TO ASSIGNMENT (0DKNG.I220014000),1.0,,,,0.0,,,,,0
488,09/06/2022,44907778146.0,REMOVAL OF OPTION DUE TO EXPIRATION (0PYPL.U220091000),1.0,,,,0.0,,,,,0
489,09/09/2022,45013192958.0,Sold 1 RBLX Sep 16 2022 42.5 Call @ 3.19,1.0,RBLX Sep 16 2022 42.5 Call,3.19,0.65,318.33,0.02,,,,0
490,09/09/2022,45013193076.0,Bought 1 RBLX Sep 9 2022 41.5 Call @ 3.01,1.0,RBLX Sep 9 2022 41.5 Call,3.01,0.65,-301.66,0.01,,,,0
491,09/13/2022,45067895319.0,Sold 2 CHWY Sep 23 2022 39.0 Call @ 0.34,2.0,CHWY Sep 23 2022 39.0 Call,0.34,1.3,66.68,0.02,,,,0
492,09/13/2022,45067957924.0,Sold 1 PYPL Sep 23 2022 86.0 Put @ 0.47,1.0,PYPL Sep 23 2022 86.0 Put,0.47,0.65,46.34,0.01,,,,0
493,09/13/2022,45067983988.0,Sold 1 PYPL Sep 23 2022 105.0 Call @ 0.58,1.0,PYPL Sep 23 2022 105.0 Call,0.58,0.65,57.34,0.01,,,,0
494,09/13/2022,45068024667.0,Sold 2 CPNG Sep 23 2022 20.0 Call @ 0.1,2.0,CPNG Sep 23 2022 20.0 Call,0.1,1.3,18.68,0.02,,,,0
495,09/13/2022,45068087901.0,Sold 2 SHOP Sep 23 2022 31.5 Put @ 0.97,2.0,SHOP Sep 23 2022 31.5 Put,0.97,1.3,192.68,0.02,,,,0
496,09/19/2022,45163683873.0,Sold 100 PYPL @ 86,100.0,PYPL,86.0,,8599.79,0.21,,,,0
497,09/19/2022,45163822853.0,REMOVAL OF OPTION DUE TO ASSIGNMENT (0PYPL.IG20086000),1.0,,,,0.0,,,,,0
498,09/19/2022,45164978075.0,REMOVAL OF OPTION DUE TO EXPIRATION (0RBLX.IG20042500),1.0,,,,0.0,,,,,0
499,09/22/2022,45249155492.0,Bought 2 SHOP Sep 23 2022 31.5 Put @ 2.3,2.0,SHOP Sep 23 2022 31.5 Put,2.3,1.3,-461.32,0.02,,,,0
500,09/22/2022,45249155551.0,Sold 2 SHOP Oct 7 2022 30.5 Put @ 2.52,2.0,SHOP Oct 7 2022 30.5 Put,2.52,1.3,502.67,0.03,,,,0
501,09/26/2022,45304320522.0,REMOVAL OF OPTION DUE TO EXPIRATION (0CHWY.IN20039000),2.0,,,,0.0,,,,,0
502,09/26/2022,45304427726.0,REMOVAL OF OPTION DUE TO EXPIRATION (0CPNG.IN20020000),2.0,,,,0.0,,,,,0
503,09/26/2022,45304593028.0,REMOVAL OF OPTION DUE TO EXPIRATION (0PYPL.IN20105000),1.0,,,,0.0,,,,,0
504,09/26/2022,45304674068.0,REMOVAL OF OPTION DUE TO EXPIRATION (0PYPL.UN20086000),1.0,,,,0.0,,,,,0
505,09/30/2022,45452549324.0,Sold 1 PYPL Sep 30 2022 86.0 Put @ 0.17,1.0,PYPL Sep 30 2022 86.0 Put,0.17,0.65,16.34,0.01,,,,0
506,09/30/2022,45452599048.0,Sold 1 PYPL Oct 7 2022 79.0 Put @ 0.46,1.0,PYPL Oct 7 2022 79.0 Put,0.46,0.65,45.34,0.01,,,,0
507,09/30/2022,45479343315.0,FREE BALANCE INTEREST ADJUSTMENT,,,,,1.14,,,,,0
508,10/03/2022,45494104236.0,REMOVAL OF OPTION DUE TO EXPIRATION (0PYPL.UU20086000),1.0,,,,0.0,,,,,0
509,10/03/2022,45517256304.0,Sold 2 CHWY Oct 7 2022 33.5 Call @ 0.26,2.0,CHWY Oct 7 2022 33.5 Call,0.26,1.3,50.68,0.02,,,,0
510,10/03/2022,45517283668.0,Bought 2 SHOP Oct 7 2022 30.5 Put @ 3.28,2.0,SHOP Oct 7 2022 30.5 Put,3.28,1.3,-657.32,0.02,,,,0
511,10/03/2022,45517283754.0,Sold 2 SHOP Oct 14 2022 30.0 Put @ 3.28,2.0,SHOP Oct 14 2022 30.0 Put,3.28,1.3,654.66,0.04,,,,0
512,10/03/2022,45517342819.0,Sold 1 RBLX Oct 7 2022 38.0 Call @ 0.37,1.0,RBLX Oct 7 2022 38.0 Call,0.37,0.65,36.34,0.01,,,,0
513,10/03/2022,45517369214.0,Sold 1 PYPL Oct 7 2022 91.0 Call @ 0.66,1.0,PYPL Oct 7 2022 91.0 Call,0.66,0.65,65.34,0.01,,,,0
514,10/03/2022,45517416813.0,Sold 3 CHPT Oct 14 2022 18.0 Call @ 0.12,3.0,CHPT Oct 14 2022 18.0 Call,0.12,1.95,34.01,0.04,,,,0
515,10/03/2022,45517453249.0,Sold 2 CPNG Oct 14 2022 19.0 Call @ 0.18,2.0,CPNG Oct 14 2022 19.0 Call,0.18,1.3,34.68,0.02,,,,0
516,10/03/2022,45518168815.0,Bought 1 BMBL Oct 21 2022 30.0 Call @ 0.05,1.0,BMBL Oct 21 2022 30.0 Call,0.05,0.0,-5.01,0.01,,,,0
517,10/04/2022,45554697653.0,Bought 1 PYPL Oct 7 2022 79.0 Put @ 0.02,1.0,PYPL Oct 7 2022 79.0 Put,0.02,0.0,-2.01,0.01,,,,0
518,10/07/2022,45643306113.0,Sold 2 CHWY Oct 14 2022 34.0 Call @ 3.05,2.0,CHWY Oct 14 2022 34.0 Call,3.05,1.3,608.67,0.03,,,,0
519,10/07/2022,45643306137.0,Bought 2 CHWY Oct 7 2022 33.5 Call @ 2.78,2.0,CHWY Oct 7 2022 33.5 Call,2.78,1.3,-557.32,0.02,,,,0
520,10/10/2022,45658403355.0,REMOVAL OF OPTION DUE TO EXPIRATION (0RBLX.J720038000),1.0,,,,0.0,,,,,0
521,10/10/2022,45658506415.0,REMOVAL OF OPTION DUE TO EXPIRATION (0PYPL.J720091000),1.0,,,,0.0,,,,,0
522,10/10/2022,45661912187.0,Sold 1 PYPL Oct 14 2022 91.0 Call @ 0.52,1.0,PYPL Oct 14 2022 91.0 Call,0.52,0.65,51.34,0.01,,,,0
523,10/10/2022,45661940474.0,Sold 1 RBLX Oct 14 2022 39.0 Call @ 0.3,1.0,RBLX Oct 14 2022 39.0 Call,0.3,0.65,29.34,0.01,,,,0
524,10/10/2022,45662031536.0,Sold 1 BMBL Oct 21 2022 25.0 Call @ 0.9,1.0,BMBL Oct 21 2022 25.0 Call,0.9,0.65,89.34,0.01,,,,0
525,10/12/2022,45712451733.0,Bought 2 SHOP Oct 14 2022 30.0 Put @ 4.07,2.0,SHOP Oct 14 2022 30.0 Put,4.07,1.3,-815.32,0.02,,,,0
526,10/12/2022,45712451835.0,Sold 2 SHOP Oct 28 2022 29.5 Put @ 4.4,2.0,SHOP Oct 28 2022 29.5 Put,4.4,1.3,878.66,0.04,,,,0
527,10/14/2022,45766185876.0,Bought 1 PYPL Oct 14 2022 91.0 Call @ 0.01,1.0,PYPL Oct 14 2022 91.0 Call,0.01,0.0,-1.01,0.01,,,,0
528,10/14/2022,45766377139.0,Sold 4 ROKU Oct 14 2022 49.5 Put @ 0.15,4.0,ROKU Oct 14 2022 49.5 Put,0.15,2.6,57.35,0.05,,,,0
529,10/14/2022,45766442573.0,Bought 4 ROKU Oct 14 2022 49.5 Put @ 0.24,4.0,ROKU Oct 14 2022 49.5 Put,0.24,2.6,-98.64,0.04,,,,0
530,10/14/2022,45766571341.0,Sold 4 ROKU Oct 14 2022 49.0 Put @ 0.1,4.0,ROKU Oct 14 2022 49.0 Put,0.1,2.6,37.35,0.05,,,,0
531,10/17/2022,45777763183.0,REMOVAL OF OPTION DUE TO EXPIRATION (0ROKU.VE20049000),4.0,,,,0.0,,,,,0
532,10/17/2022,45777766777.0,REMOVAL OF OPTION DUE TO EXPIRATION (0CPNG.JE20019000),2.0,,,,0.0,,,,,0
533,10/17/2022,45777856835.0,REMOVAL OF OPTION DUE TO EXPIRATION (0CHPT.JE20018000),3.0,,,,0.0,,,,,0
534,10/17/2022,45777926017.0,REMOVAL OF OPTION DUE TO EXPIRATION (0CHWY.JE20034000),2.0,,,,0.0,,,,,0
535,10/17/2022,45778121015.0,REMOVAL OF OPTION DUE TO EXPIRATION (0RBLX.JE20039000),1.0,,,,0.0,,,,,0
536,10/17/2022,45788927100.0,Sold 1 PYPL Oct 21 2022 88.0 Call @ 0.53,1.0,PYPL Oct 21 2022 88.0 Call,0.53,0.65,52.34,0.01,,,,0
537,10/17/2022,45788959332.0,Sold 1 PYPL Oct 21 2022 77.0 Put @ 0.48,1.0,PYPL Oct 21 2022 77.0 Put,0.48,0.65,47.34,0.01,,,,0
538,10/17/2022,45789023409.0,Sold 1 RBLX Oct 21 2022 46.0 Call @ 0.65,1.0,RBLX Oct 21 2022 46.0 Call,0.65,0.65,64.34,0.01,,,,0
539,10/17/2022,45789072630.0,Sold 2 CHWY Oct 21 2022 40.0 Call @ 0.24,2.0,CHWY Oct 21 2022 40.0 Call,0.24,1.3,46.68,0.02,,,,0
540,10/17/2022,45789170075.0,Sold 1 AAPL Oct 21 2022 137.0 Put @ 1.09,1.0,AAPL Oct 21 2022 137.0 Put,1.09,0.65,108.34,0.01,,,,0
541,10/17/2022,45789241482.0,Sold 3 CHPT Oct 21 2022 14.5 Call @ 0.12,3.0,CHPT Oct 21 2022 14.5 Call,0.12,1.95,34.01,0.04,,,,0
542,10/17/2022,45789259439.0,Sold 1 PTON Oct 21 2022 8.5 Call @ 0.21,1.0,PTON Oct 21 2022 8.5 Call,0.21,0.65,20.34,0.01,,,,0
543,10/18/2022,45813951106.0,Sold 1 COIN Oct 21 2022 60.0 Put @ 0.67,1.0,COIN Oct 21 2022 60.0 Put,0.67,0.65,66.34,0.01,,,,0
544,10/19/2022,45838010217.0,Bought 1 BMBL Oct 21 2022 25.0 Call @ 0.05,1.0,BMBL Oct 21 2022 25.0 Call,0.05,0.0,-5.01,0.01,,,,0
545,10/20/2022,45860350652.0,Bought 1 PYPL Oct 21 2022 77.0 Put @ 0.02,1.0,PYPL Oct 21 2022 77.0 Put,0.02,0.0,-2.01,0.01,,,,0
546,10/20/2022,45860367914.0,Bought 3 CHPT Oct 21 2022 14.5 Call @ 0.01,3.0,CHPT Oct 21 2022 14.5 Call,0.01,0.0,-3.03,0.03,,,,0
547,10/20/2022,45860487971.0,Bought 1 AAPL Oct 21 2022 137.0 Put @ 0.05,1.0,AAPL Oct 21 2022 137.0 Put,0.05,0.0,-5.01,0.01,,,,0
548,10/20/2022,45860528347.0,Sold 1 COIN Oct 28 2022 52.0 Put @ 0.53,1.0,COIN Oct 28 2022 52.0 Put,0.53,0.65,52.34,0.01,,,,0
549,10/20/2022,45860576005.0,Sold 1 AAPL Oct 28 2022 136.0 Put @ 1.46,1.0,AAPL Oct 28 2022 136.0 Put,1.46,0.65,145.34,0.01,,,,0
550,10/20/2022,45860600819.0,Bought 1 PTON Oct 21 2022 8.5 Call @ 0.03,1.0,PTON Oct 21 2022 8.5 Call,0.03,0.0,-3.01,0.01,,,,0
551,10/20/2022,45860613034.0,Bought 2 CHWY Oct 21 2022 40.0 Call @ 0.03,2.0,CHWY Oct 21 2022 40.0 Call,0.03,0.0,-6.02,0.02,,,,0
552,10/20/2022,45860627931.0,Sold 1 PTON Oct 28 2022 8.0 Call @ 0.27,1.0,PTON Oct 28 2022 8.0 Call,0.27,0.65,26.34,0.01,,,,0
553,10/20/2022,45860667989.0,Sold 2 CHWY Oct 28 2022 39.0 Call @ 0.34,2.0,CHWY Oct 28 2022 39.0 Call,0.34,1.3,66.68,0.02,,,,0
554,10/21/2022,45881421110.0,Bought 1 COIN Oct 21 2022 60.0 Put @ 0.01,1.0,COIN Oct 21 2022 60.0 Put,0.01,0.0,-1.01,0.01,,,,0
555,10/21/2022,45881857420.0,Bought 1 PYPL Oct 21 2022 88.0 Call @ 0.01,1.0,PYPL Oct 21 2022 88.0 Call,0.01,0.0,-1.01,0.01,,,,0
556,10/21/2022,45881957382.0,Bought 1 RBLX Oct 21 2022 46.0 Call @ 0.01,1.0,RBLX Oct 21 2022 46.0 Call,0.01,0.0,-1.01,0.01,,,,0
557,10/24/2022,45901370231.0,Sold 1 RBLX Oct 28 2022 45.0 Call @ 0.42,1.0,RBLX Oct 28 2022 45.0 Call,0.42,0.65,41.34,0.01,,,,0
558,10/24/2022,45901422276.0,Sold 1 BMBL Nov 18 2022 25.0 Call @ 1.01,1.0,BMBL Nov 18 2022 25.0 Call,1.01,0.65,100.34,0.01,,,,0
559,10/24/2022,45901463343.0,Sold 1 PYPL Oct 28 2022 87.0 Call @ 0.51,1.0,PYPL Oct 28 2022 87.0 Call,0.51,0.65,50.34,0.01,,,,0
560,10/24/2022,45901578057.0,Sold 3 CHPT Nov 4 2022 14.0 Call @ 0.16,3.0,CHPT Nov 4 2022 14.0 Call,0.16,1.95,46.01,0.04,,,,0
561,10/24/2022,45901627235.0,Sold 1 PYPL Oct 28 2022 75.0 Put @ 0.4,1.0,PYPL Oct 28 2022 75.0 Put,0.4,0.65,39.34,0.01,,,,0
562,10/24/2022,45901753585.0,Sold 2 CPNG Oct 28 2022 16.5 Call @ 0.11,2.0,CPNG Oct 28 2022 16.5 Call,0.11,1.3,20.68,0.02,,,,0
563,***END OF FILE***,,,,,,,,,,,,0
